,Train_Start,Train_End,Test_Start,Test_End,Out_of_Sample_R2,Target_Stock,Actual,Predicted
0,2024-12-30 09:31:00+00:00,2024-12-30 10:01:00+00:00,2024-12-30 10:01:00+00:00,2024-12-30 10:06:00+00:00,-0.5155108939138502,AAPL,[np.float64(0.0004517465974869239)],[np.float64(5.556825098828764e-05)]
1,2024-12-30 09:32:00+00:00,2024-12-30 10:02:00+00:00,2024-12-30 10:02:00+00:00,2024-12-30 10:07:00+00:00,-0.14853219230556847,AAPL,"[np.float64(0.0004517465974869239), np.float64(0.0004320842238643152)]","[np.float64(5.556825098828764e-05), np.float64(0.00017352630976700476)]"
2,2024-12-30 09:33:00+00:00,2024-12-30 10:03:00+00:00,2024-12-30 10:03:00+00:00,2024-12-30 10:08:00+00:00,-0.14853219230556847,AAPL,"[np.float64(0.0004517465974869239), np.float64(0.0004320842238643152)]","[np.float64(5.556825098828764e-05), np.float64(0.00017352630976700476)]"
3,2024-12-30 09:34:00+00:00,2024-12-30 10:04:00+00:00,2024-12-30 10:04:00+00:00,2024-12-30 10:09:00+00:00,-0.14853219230556847,AAPL,"[np.float64(0.0004517465974869239), np.float64(0.0004320842238643152)]","[np.float64(5.556825098828764e-05), np.float64(0.00017352630976700476)]"
4,2024-12-30 09:35:00+00:00,2024-12-30 10:05:00+00:00,2024-12-30 10:05:00+00:00,2024-12-30 10:10:00+00:00,-0.14853219230556847,AAPL,"[np.float64(0.0004517465974869239), np.float64(0.0004320842238643152)]","[np.float64(5.556825098828764e-05), np.float64(0.00017352630976700476)]"
5,2024-12-30 09:36:00+00:00,2024-12-30 10:06:00+00:00,2024-12-30 10:06:00+00:00,2024-12-30 10:11:00+00:00,0.955450553145269,AAPL,"[np.float64(0.0004517465974869239), np.float64(0.0004320842238643152), np.float64(0.00043191456616131774)]","[np.float64(0.0004517465974869236), np.float64(0.00041764252833056845), np.float64(0.00032619674520034924)]"
6,2024-12-30 09:37:00+00:00,2024-12-30 10:07:00+00:00,2024-12-30 10:07:00+00:00,2024-12-30 10:12:00+00:00,0.42126976826385776,AAPL,"[np.float64(0.0004320842238643152), np.float64(0.00043191456616131774), np.float64(0.000569280464517874)]","[np.float64(0.00043208422386431544), np.float64(0.00031791969345174145), np.float64(0.00017868064960084487)]"
7,2024-12-30 09:38:00+00:00,2024-12-30 10:08:00+00:00,2024-12-30 10:08:00+00:00,2024-12-30 10:13:00+00:00,0.001034557643970202,AAPL,"[np.float64(0.00043191456616131774), np.float64(0.000569280464517874), np.float64(0.0007655840896889643)]","[np.float64(0.00028481958273769063), np.float64(6.55324285572741e-05), np.float64(0.00023994144435667038)]"
8,2024-12-30 09:39:00+00:00,2024-12-30 10:09:00+00:00,2024-12-30 10:09:00+00:00,2024-12-30 10:14:00+00:00,0.008519518418084848,AAPL,"[np.float64(0.00043191456616131774), np.float64(0.000569280464517874), np.float64(0.0007655840896889643), np.float64(0.000765614148255267)]","[np.float64(0.00025624992269415226), np.float64(7.874372533069647e-05), np.float64(0.0002282631258891121), np.float64(0.00015761226713182651)]"
9,2024-12-30 09:40:00+00:00,2024-12-30 10:10:00+00:00,2024-12-30 10:10:00+00:00,2024-12-30 10:15:00+00:00,0.024778228983869055,AAPL,"[np.float64(0.00043191456616131774), np.float64(0.000569280464517874), np.float64(0.0007655840896889643), np.float64(0.000765614148255267), np.float64(0.0006478655022279511)]","[np.float64(0.00026613310886513305), np.float64(-1.1233802695195745e-05), np.float64(0.00023167421754572917), np.float64(0.0001442383478888682), np.float64(0.0001996363812530668)]"
10,2024-12-30 09:41:00+00:00,2024-12-30 10:11:00+00:00,2024-12-30 10:11:00+00:00,2024-12-30 10:16:00+00:00,-0.1526534274014042,AAPL,"[np.float64(0.00043191456616131774), np.float64(0.000569280464517874), np.float64(0.0007655840896889643), np.float64(0.000765614148255267), np.float64(0.0006478655022279511), np.float64(9.813639003386498e-05)]","[np.float64(0.00043191456616131703), np.float64(-0.0001294056730060256), np.float64(0.00036321790607817396), np.float64(6.670110085671204e-05), np.float64(0.00035901469574910205), np.float64(0.0005554338917632567)]"
11,2024-12-30 09:42:00+00:00,2024-12-30 10:12:00+00:00,2024-12-30 10:12:00+00:00,2024-12-30 10:17:00+00:00,-0.3184751793255092,AAPL,"[np.float64(0.000569280464517874), np.float64(0.0007655840896889643), np.float64(0.000765614148255267), np.float64(0.0006478655022279511), np.float64(9.813639003386498e-05), np.float64(-0.0002355250256229624)]","[np.float64(0.0005692804645178742), np.float64(0.00019222468644819604), np.float64(0.00033839290636469285), np.float64(9.811835770534257e-05), np.float64(0.0007266044985070533), np.float64(0.000415969132715973)]"
12,2024-12-30 09:43:00+00:00,2024-12-30 10:13:00+00:00,2024-12-30 10:13:00+00:00,2024-12-30 10:18:00+00:00,-0.20484785593537103,AAPL,"[np.float64(0.0007655840896889643), np.float64(0.000765614148255267), np.float64(0.0006478655022279511), np.float64(9.813639003386498e-05), np.float64(-0.0002355250256229624), np.float64(-0.00037290364798181486)]","[np.float64(0.0007655840896889648), np.float64(2.473016227636654e-05), np.float64(0.0002708651425956176), np.float64(0.0005174814595413834), np.float64(0.0003053178147382384), np.float64(0.00031806794821478393)]"
13,2024-12-30 09:44:00+00:00,2024-12-30 10:14:00+00:00,2024-12-30 10:14:00+00:00,2024-12-30 10:19:00+00:00,-0.7765685748785636,AAPL,"[np.float64(0.000765614148255267), np.float64(0.0006478655022279511), np.float64(9.813639003386498e-05), np.float64(-0.0002355250256229624), np.float64(-0.00037290364798181486), np.float64(-0.0005299781262717573)]","[np.float64(0.0007656141482552673), np.float64(0.00020818238103325902), np.float64(0.0004567529707034274), np.float64(0.0003069943638646967), np.float64(0.00042898309860611066), np.float64(0.0007895509302037194)]"
14,2024-12-30 09:45:00+00:00,2024-12-30 10:15:00+00:00,2024-12-30 10:15:00+00:00,2024-12-30 10:20:00+00:00,-2.0067808702070526,AAPL,"[np.float64(0.0006478655022279511), np.float64(9.813639003386498e-05), np.float64(-0.0002355250256229624), np.float64(-0.00037290364798181486), np.float64(-0.0005299781262717573), np.float64(-0.00049076865169706)]","[np.float64(0.0006478655022279496), np.float64(0.00043182485382103506), np.float64(0.0002638965563642464), np.float64(0.00047740383073172944), np.float64(0.0009841454450864333), np.float64(0.001263423923860589)]"
15,2024-12-30 09:46:00+00:00,2024-12-30 10:16:00+00:00,2024-12-30 10:16:00+00:00,2024-12-30 10:21:00+00:00,-1.3940313934694086,AAPL,"[np.float64(9.813639003386498e-05), np.float64(-0.0002355250256229624), np.float64(-0.00037290364798181486), np.float64(-0.0005299781262717573), np.float64(-0.00049076865169706), np.float64(-0.0006871570620550216)]","[np.float64(9.813639003386504e-05), np.float64(0.0002565704198758776), np.float64(0.00061465677988317), np.float64(0.000947350109297056), np.float64(0.0010999534495203188), np.float64(0.00042165373301120157)]"
16,2024-12-30 09:47:00+00:00,2024-12-30 10:17:00+00:00,2024-12-30 10:17:00+00:00,2024-12-30 10:22:00+00:00,-1.0844033977381011,AAPL,"[np.float64(-0.0002355250256229624), np.float64(-0.00037290364798181486), np.float64(-0.0005299781262717573), np.float64(-0.00049076865169706), np.float64(-0.0006871570620550216), np.float64(-0.0005694145982895193)]","[np.float64(-0.00023552502562296219), np.float64(0.0007657943395981961), np.float64(0.0007962945161325134), np.float64(0.0010583058035763696), np.float64(0.0002688118498594172), np.float64(0.00040734035269528196)]"
17,2024-12-30 09:48:00+00:00,2024-12-30 10:18:00+00:00,2024-12-30 10:18:00+00:00,2024-12-30 10:23:00+00:00,-2.5207285030285433,AAPL,"[np.float64(-0.00037290364798181486), np.float64(-0.0005299781262717573), np.float64(-0.00049076865169706), np.float64(-0.0006871570620550216), np.float64(-0.0005694145982895193), np.float64(-0.00045159580979792224)]","[np.float64(-0.0003729036479818147), np.float64(0.0012850029484789034), np.float64(0.0017660461213247318), np.float64(-5.256994821832182e-05), np.float64(0.0012221966064421106), np.float64(-0.00013731717274635522)]"
18,2024-12-30 09:49:00+00:00,2024-12-30 10:19:00+00:00,2024-12-30 10:19:00+00:00,2024-12-30 10:24:00+00:00,-2.4683397685584247,AAPL,"[np.float64(-0.0005299781262717573), np.float64(-0.00049076865169706), np.float64(-0.0006871570620550216), np.float64(-0.0005694145982895193), np.float64(-0.00045159580979792224), np.float64(-0.00041239948347282507)]","[np.float64(-0.0005299781262717565), np.float64(0.0017863541121971), np.float64(-0.0005672744650509733), np.float64(0.001426641156077762), np.float64(0.0002947184264666309), np.float64(0.0006873865979000771)]"
19,2024-12-30 09:50:00+00:00,2024-12-30 10:20:00+00:00,2024-12-30 10:20:00+00:00,2024-12-30 10:25:00+00:00,-0.41111707965774413,AAPL,"[np.float64(-0.00049076865169706), np.float64(-0.0006871570620550216), np.float64(-0.0005694145982895193), np.float64(-0.00045159580979792224), np.float64(-0.00041239948347282507), np.float64(-0.00015709685053089117)]","[np.float64(-0.0004907686516970582), np.float64(-0.0005327244951751308), np.float64(0.0004494039809969184), np.float64(0.0002568574596916709), np.float64(0.0010175730466869617), np.float64(-0.00022390475672428277)]"
20,2024-12-30 09:51:00+00:00,2024-12-30 10:21:00+00:00,2024-12-30 10:21:00+00:00,2024-12-30 10:26:00+00:00,-1.3411528475762093,AAPL,"[np.float64(-0.0006871570620550216), np.float64(-0.0005694145982895193), np.float64(-0.00045159580979792224), np.float64(-0.00041239948347282507), np.float64(-0.00015709685053089117), np.float64(-3.928038338152362e-05)]","[np.float64(-0.0006871570620550214), np.float64(0.00044087547604366306), np.float64(0.0003272304146084054), np.float64(0.0009320788608381668), np.float64(-0.00013807957370345312), np.float64(0.0009899451265054926)]"
21,2024-12-30 09:52:00+00:00,2024-12-30 10:22:00+00:00,2024-12-30 10:22:00+00:00,2024-12-30 10:27:00+00:00,-2.6145775665864943,AAPL,"[np.float64(-0.0005694145982895193), np.float64(-0.00045159580979792224), np.float64(-0.00041239948347282507), np.float64(-0.00015709685053089117), np.float64(-3.928038338152362e-05), np.float64(-1.9640770311468714e-05)]","[np.float64(-0.00056941459828952), np.float64(0.0009570504855592585), np.float64(0.0008004376165416055), np.float64(-0.0003459266883943662), np.float64(0.0006446725224649331), np.float64(0.00025768508360925825)]"
22,2024-12-30 09:53:00+00:00,2024-12-30 10:23:00+00:00,2024-12-30 10:23:00+00:00,2024-12-30 10:28:00+00:00,-0.12646158768411064,AAPL,"[np.float64(-0.00045159580979792224), np.float64(-0.00041239948347282507), np.float64(-0.00015709685053089117), np.float64(-3.928038338152362e-05), np.float64(-1.9640770311468714e-05), np.float64(-0.00029462891701292904)]","[np.float64(-0.00045159580979792344), np.float64(9.939483884246609e-05), np.float64(0.0002232569159093868), np.float64(0.0004870794031038543), np.float64(0.00017213326848043535), np.float64(-0.0005966247244018144)]"
23,2024-12-30 09:54:00+00:00,2024-12-30 10:24:00+00:00,2024-12-30 10:24:00+00:00,2024-12-30 10:29:00+00:00,-16.71282499768158,AAPL,"[np.float64(-0.00041239948347282507), np.float64(-0.00015709685053089117), np.float64(-3.928038338152362e-05), np.float64(-1.9640770311468714e-05), np.float64(-0.00029462891701292904), np.float64(-0.00013750429722581003)]","[np.float64(-0.000412399483472825), np.float64(0.00045429729281980876), np.float64(0.0005043126934915663), np.float64(-0.00012859652768008008), np.float64(-0.0008052368803280472), np.float64(-0.002675564612337334)]"
24,2024-12-30 09:55:00+00:00,2024-12-30 10:25:00+00:00,2024-12-30 10:25:00+00:00,2024-12-30 10:30:00+00:00,-51.16336033064814,AAPL,"[np.float64(-0.00015709685053089117), np.float64(-3.928038338152362e-05), np.float64(-1.9640770311468714e-05), np.float64(-0.00029462891701292904), np.float64(-0.00013750429722581003), np.float64(-9.819806557764821e-05)]","[np.float64(-0.000157096850530891), np.float64(0.0006764873477594273), np.float64(-1.0031069720800188e-05), np.float64(-0.0011356625393464225), np.float64(-0.002898764017242784), np.float64(0.0006697907705682251)]"
25,2024-12-30 09:56:00+00:00,2024-12-30 10:26:00+00:00,2024-12-30 10:26:00+00:00,2024-12-30 10:31:00+00:00,-51.43293656988381,AAPL,"[np.float64(-3.928038338152362e-05), np.float64(-1.9640770311468714e-05), np.float64(-0.00029462891701292904), np.float64(-0.00013750429722581003), np.float64(-9.819806557764821e-05), np.float64(-0.00011785040868428354)]","[np.float64(-3.92803833815243e-05), np.float64(-7.308706746817872e-05), np.float64(-0.0014868436072782484), np.float64(-0.0027249948864189553), np.float64(0.0004909144227952873), np.float64(-0.00039162474515458157)]"
26,2024-12-30 09:57:00+00:00,2024-12-30 10:27:00+00:00,2024-12-30 10:27:00+00:00,2024-12-30 10:32:00+00:00,-53.60963493337886,AAPL,"[np.float64(-1.9640770311468714e-05), np.float64(-0.00029462891701292904), np.float64(-0.00013750429722581003), np.float64(-9.819806557764821e-05), np.float64(-0.00011785040868428354), np.float64(1.9640770311468714e-05)]","[np.float64(-1.9640770311467176e-05), np.float64(-0.0015152119531092992), np.float64(-0.00271685252465546), np.float64(0.00046329693937995493), np.float64(-0.00038859713944167866), np.float64(-7.020602005436804e-05)]"
27,2024-12-30 09:58:00+00:00,2024-12-30 10:28:00+00:00,2024-12-30 10:28:00+00:00,2024-12-30 10:33:00+00:00,-95.55760265391346,AAPL,"[np.float64(-0.00029462891701292904), np.float64(-0.00013750429722581003), np.float64(-9.819806557764821e-05), np.float64(-0.00011785040868428354), np.float64(1.9640770311468714e-05), np.float64(9.821928445319372e-05)]","[np.float64(-0.00029462891701292915), np.float64(-0.002752575786177952), np.float64(0.0007109701655165342), np.float64(-0.0005826065358641395), np.float64(0.0005856362725986618), np.float64(-0.002332985156926951)]"
28,2024-12-30 09:59:00+00:00,2024-12-30 10:29:00+00:00,2024-12-30 10:29:00+00:00,2024-12-30 10:34:00+00:00,-87.76159136317352,AAPL,"[np.float64(-0.00013750429722581003), np.float64(-9.819806557764821e-05), np.float64(-0.00011785040868428354), np.float64(1.9640770311468714e-05), np.float64(9.821928445319372e-05), np.float64(3.9288871432674455e-05)]","[np.float64(-0.00013750429722580974), np.float64(-9.9305494439563e-05), np.float64(-0.0016748460722272006), np.float64(0.0009995972269624587), np.float64(-0.0010626346059828152), np.float64(8.317862550602292e-05)]"
29,2024-12-30 10:00:00+00:00,2024-12-30 10:30:00+00:00,2024-12-30 10:30:00+00:00,2024-12-30 10:35:00+00:00,-97.64090243588376,AAPL,"[np.float64(-9.819806557764821e-05), np.float64(-0.00011785040868428354), np.float64(1.9640770311468714e-05), np.float64(9.821928445319372e-05), np.float64(3.9288871432674455e-05), np.float64(-0.00019642506446970742)]","[np.float64(-9.819806557764935e-05), np.float64(-0.0016739955167189876), np.float64(0.00099967770411702), np.float64(-0.0010625462491400581), np.float64(8.407940061849794e-05), np.float64(-0.0016989884114491948)]"
30,2024-12-30 10:01:00+00:00,2024-12-30 10:31:00+00:00,2024-12-30 10:31:00+00:00,2024-12-30 10:36:00+00:00,-42.26501865637256,AAPL,"[np.float64(-0.00011785040868428354), np.float64(1.9640770311468714e-05), np.float64(9.821928445319372e-05), np.float64(3.9288871432674455e-05), np.float64(-0.00019642506446970742)]","[np.float64(-0.0001178504086842835), np.float64(4.117171012568501e-06), np.float64(-0.0008193318324243084), np.float64(0.0003666541729585177), np.float64(-0.0014763238391980393)]"
31,2024-12-30 10:02:00+00:00,2024-12-30 10:32:00+00:00,2024-12-30 10:32:00+00:00,2024-12-30 10:37:00+00:00,-34.31303803738357,AAPL,"[np.float64(1.9640770311468714e-05), np.float64(9.821928445319372e-05), np.float64(3.9288871432674455e-05), np.float64(-0.00019642506446970742), np.float64(-0.00021606969313747726)]","[np.float64(1.9640770311469134e-05), np.float64(-0.0008230806328171284), np.float64(0.00036896789804827305), np.float64(-0.0014737430708571134), np.float64(-0.0009666938052500066)]"
32,2024-12-30 10:03:00+00:00,2024-12-30 10:33:00+00:00,2024-12-30 10:33:00+00:00,2024-12-30 10:38:00+00:00,-96.71744816857198,AAPL,"[np.float64(9.821928445319372e-05), np.float64(3.9288871432674455e-05), np.float64(-0.00019642506446970742), np.float64(-0.00021606969313747726), np.float64(-1.9643085143350447e-05)]","[np.float64(9.82192844531926e-05), np.float64(0.000556585018228441), np.float64(-0.0013017932466440122), np.float64(-0.0003929694260612086), np.float64(0.002674970414974916)]"
33,2024-12-30 10:04:00+00:00,2024-12-30 10:34:00+00:00,2024-12-30 10:34:00+00:00,2024-12-30 10:39:00+00:00,-113.52261602156204,AAPL,"[np.float64(3.9288871432674455e-05), np.float64(-0.00019642506446970742), np.float64(-0.00021606969313747726), np.float64(-1.9643085143350447e-05), np.float64(-1.9644242764904618e-05)]","[np.float64(3.928887143267462e-05), np.float64(-0.001328545670506641), np.float64(-0.000679932921852902), np.float64(0.0027162683088950285), np.float64(0.00020706171421537307)]"
34,2024-12-30 10:05:00+00:00,2024-12-30 10:35:00+00:00,2024-12-30 10:35:00+00:00,2024-12-30 10:40:00+00:00,-153.4967748934777,AAPL,"[np.float64(-0.00019642506446970742), np.float64(-0.00021606969313747726), np.float64(-1.9643085143350447e-05), np.float64(-1.9644242764904618e-05), np.float64(0.0001178596685580402)]","[np.float64(-0.0001964250644697084), np.float64(-0.0007273764651163357), np.float64(0.0034315066573492392), np.float64(-0.0004699904220900051), np.float64(-0.0010836233898655742)]"
35,2024-12-30 10:06:00+00:00,2024-12-30 10:36:00+00:00,2024-12-30 10:36:00+00:00,2024-12-30 10:41:00+00:00,-160.8994405444583,AAPL,"[np.float64(-0.00021606969313747726), np.float64(-1.9643085143350447e-05), np.float64(-1.9644242764904618e-05), np.float64(0.0001178596685580402), np.float64(0.0001767877667475659)]","[np.float64(-0.0007273764651163357), np.float64(0.0034315066573492392), np.float64(-0.0004699904220900051), np.float64(-0.0010836233898655746), np.float64(-0.001116705089882976)]"
36,2024-12-30 10:07:00+00:00,2024-12-30 10:37:00+00:00,2024-12-30 10:37:00+00:00,2024-12-30 10:42:00+00:00,-122.64221484373752,AAPL,"[np.float64(-0.00021606969313747726), np.float64(-1.9643085143350447e-05), np.float64(-1.9644242764904618e-05), np.float64(0.0001178596685580402), np.float64(0.0001767877667475659)]","[np.float64(-0.0002160696931374782), np.float64(0.0027630389814494462), np.float64(-0.0005787086642986079), np.float64(-0.001368673061422306), np.float64(-0.0014784174659773913)]"
37,2024-12-30 10:08:00+00:00,2024-12-30 10:38:00+00:00,2024-12-30 10:38:00+00:00,2024-12-30 10:43:00+00:00,-278.0189559172319,AAPL,"[np.float64(-1.9643085143350447e-05), np.float64(-1.9644242764904618e-05), np.float64(0.0001178596685580402), np.float64(0.0001767877667475659), np.float64(-1.9643471001806745e-05)]","[np.float64(-1.964308514335294e-05), np.float64(-0.0013904043416004402), np.float64(-0.0017093372483461737), np.float64(-0.0035832618296793625), np.float64(-0.0025442628855188026)]"
38,2024-12-30 10:09:00+00:00,2024-12-30 10:39:00+00:00,2024-12-30 10:39:00+00:00,2024-12-30 10:44:00+00:00,-393.08622590179795,AAPL,"[np.float64(-1.9644242764904618e-05), np.float64(0.0001178596685580402), np.float64(0.0001767877667475659), np.float64(-1.9643471001806745e-05), np.float64(1.9644242764904618e-05)]","[np.float64(-1.9644242764904184e-05), np.float64(-0.0017435081476747964), np.float64(-0.003333239365767252), np.float64(-0.0025004587013865184), np.float64(0.003970111412876959)]"
39,2024-12-30 10:10:00+00:00,2024-12-30 10:40:00+00:00,2024-12-30 10:40:00+00:00,2024-12-30 10:45:00+00:00,-403.13281269602965,AAPL,"[np.float64(0.0001178596685580402), np.float64(0.0001767877667475659), np.float64(-1.9643471001806745e-05), np.float64(1.9644242764904618e-05), np.float64(7.856539591166722e-05)]","[np.float64(0.00011785966855804014), np.float64(-0.00408754330921115), np.float64(-0.00305386916940397), np.float64(0.0038098950077636996), np.float64(0.0007997695372066456)]"
40,2024-12-30 10:11:00+00:00,2024-12-30 10:41:00+00:00,2024-12-30 10:41:00+00:00,2024-12-30 10:46:00+00:00,-735.325306284852,AAPL,"[np.float64(0.0001767877667475659), np.float64(-1.9643471001806745e-05), np.float64(1.9644242764904618e-05), np.float64(7.856539591166722e-05), np.float64(-3.9283469521755876e-05)]","[np.float64(0.00017678776674756624), np.float64(-0.0027819904468209047), np.float64(0.0063782043442804385), np.float64(0.00014083807356427187), np.float64(0.0015912410794465478)]"
41,2024-12-30 10:12:00+00:00,2024-12-30 10:42:00+00:00,2024-12-30 10:42:00+00:00,2024-12-30 10:47:00+00:00,-1986.8030325626653,AAPL,"[np.float64(-1.9643471001806745e-05), np.float64(1.9644242764904618e-05), np.float64(7.856539591166722e-05), np.float64(-3.9283469521755876e-05), np.float64(0.0)]","[np.float64(-0.002824432004460381), np.float64(0.006316207034589862), np.float64(0.00036300295581786975), np.float64(0.00149722919815377), np.float64(0.003654100626589848)]"
42,2024-12-30 10:13:00+00:00,2024-12-30 10:43:00+00:00,2024-12-30 10:43:00+00:00,2024-12-30 10:48:00+00:00,-136.13308371485846,AAPL,"[np.float64(-1.9643471001806745e-05), np.float64(1.9644242764904618e-05), np.float64(7.856539591166722e-05), np.float64(-3.9283469521755876e-05), np.float64(0.0), np.float64(-5.893272830803653e-05)]","[np.float64(-1.9643471001805335e-05), np.float64(0.0007618438358061202), np.float64(-0.0010135419793091583), np.float64(0.0007840083702814586), np.float64(-0.0008233990844146094), np.float64(-0.0019391560478201268)]"
43,2024-12-30 10:14:00+00:00,2024-12-30 10:44:00+00:00,2024-12-30 10:44:00+00:00,2024-12-30 10:49:00+00:00,-51.60926544689451,AAPL,"[np.float64(1.9644242764904618e-05), np.float64(7.856539591166722e-05), np.float64(-3.9283469521755876e-05), np.float64(0.0), np.float64(-5.893272830803653e-05), np.float64(-3.9288871432674455e-05)]","[np.float64(1.9644242764905594e-05), np.float64(-0.0007467810687402295), np.float64(0.0005190974828354669), np.float64(-0.0009006443370122729), np.float64(-0.0008905217337488485), np.float64(0.0011288243383721845)]"
44,2024-12-30 10:15:00+00:00,2024-12-30 10:45:00+00:00,2024-12-30 10:45:00+00:00,2024-12-30 10:50:00+00:00,-104.21267471828716,AAPL,"[np.float64(7.856539591166722e-05), np.float64(-3.9283469521755876e-05), np.float64(0.0), np.float64(-5.893272830803653e-05), np.float64(-3.9288871432674455e-05), np.float64(-0.00023571470772409953)]","[np.float64(7.856539591166684e-05), np.float64(-0.000310787026389198), np.float64(-0.0008453962622441006), np.float64(-0.00011478962682220234), np.float64(0.00023574448525245586), np.float64(-0.0032348597299672846)]"
45,2024-12-30 10:16:00+00:00,2024-12-30 10:46:00+00:00,2024-12-30 10:46:00+00:00,2024-12-30 10:51:00+00:00,-88.66250613303184,AAPL,"[np.float64(-3.9283469521755876e-05), np.float64(0.0), np.float64(-5.893272830803653e-05), np.float64(-3.9288871432674455e-05), np.float64(-0.00023571470772409953), np.float64(5.892462560019851e-05)]","[np.float64(-3.928346952175604e-05), np.float64(-0.0005610740918162139), np.float64(-0.00032703072841445686), np.float64(0.0006614389862629736), np.float64(-0.003255615680688472), np.float64(0.00010874933530639232)]"
46,2024-12-30 10:17:00+00:00,2024-12-30 10:47:00+00:00,2024-12-30 10:47:00+00:00,2024-12-30 10:52:00+00:00,-26.52614675876969,AAPL,"[np.float64(0.0), np.float64(-5.893272830803653e-05), np.float64(-3.9288871432674455e-05), np.float64(-0.00023571470772409953), np.float64(5.892462560019851e-05), np.float64(0.0001767877667475659)]","[np.float64(1.3823577699190182e-18), np.float64(-0.0003206954415262784), np.float64(0.0022601001706457078), np.float64(0.00013703426834851319), np.float64(0.0002275018171481411), np.float64(0.0007743081770139208)]"
47,2024-12-30 10:18:00+00:00,2024-12-30 10:48:00+00:00,2024-12-30 10:48:00+00:00,2024-12-30 10:53:00+00:00,-28.85211644163585,AAPL,"[np.float64(-5.893272830803653e-05), np.float64(-3.9288871432674455e-05), np.float64(-0.00023571470772409953), np.float64(5.892462560019851e-05), np.float64(0.0001767877667475659), np.float64(3.9288871432674455e-05)]","[np.float64(-5.8932728308036544e-05), np.float64(0.002251864235345219), np.float64(-0.0001075915711945188), np.float64(0.0002183019875999698), np.float64(0.000737954171670277), np.float64(0.0009725284878105)]"
48,2024-12-30 10:19:00+00:00,2024-12-30 10:49:00+00:00,2024-12-30 10:49:00+00:00,2024-12-30 10:54:00+00:00,-49.73376492603115,AAPL,"[np.float64(-3.9288871432674455e-05), np.float64(-0.00023571470772409953), np.float64(5.892462560019851e-05), np.float64(0.0001767877667475659), np.float64(3.9288871432674455e-05), np.float64(0.0)]","[np.float64(-3.9288871432674346e-05), np.float64(-0.0031806730485907245), np.float64(0.0001628207382433505), np.float64(-0.0007342721070397294), np.float64(0.00046375933718845414), np.float64(-0.0010113250844076456)]"
49,2024-12-30 10:20:00+00:00,2024-12-30 10:50:00+00:00,2024-12-30 10:50:00+00:00,2024-12-30 10:55:00+00:00,-2.2852036803933693,AAPL,"[np.float64(-0.00023571470772409953), np.float64(5.892462560019851e-05), np.float64(0.0001767877667475659), np.float64(3.9288871432674455e-05), np.float64(0.0), np.float64(0.00013750699834069735)]","[np.float64(-0.0002357147077240987), np.float64(1.699041180516225e-05), np.float64(4.1979062881142986e-05), np.float64(0.0006940741476359161), np.float64(8.817614521496239e-05), np.float64(0.0007632198307429132)]"
50,2024-12-30 10:21:00+00:00,2024-12-30 10:51:00+00:00,2024-12-30 10:51:00+00:00,2024-12-30 10:56:00+00:00,-1.9774328813983266,AAPL,"[np.float64(5.892462560019851e-05), np.float64(0.0001767877667475659), np.float64(3.9288871432674455e-05), np.float64(0.0), np.float64(0.00013750699834069735), np.float64(-9.820963837281482e-05)]","[np.float64(5.892462560019863e-05), np.float64(0.0001220691620905939), np.float64(0.0006240450105053555), np.float64(-9.101718620996987e-05), np.float64(0.0005960370712261307), np.float64(0.00014198689233293127)]"
51,2024-12-30 10:22:00+00:00,2024-12-30 10:52:00+00:00,2024-12-30 10:52:00+00:00,2024-12-30 10:57:00+00:00,-3.1308825093530164,AAPL,"[np.float64(0.0001767877667475659), np.float64(3.9288871432674455e-05), np.float64(0.0), np.float64(0.00013750699834069735), np.float64(-9.820963837281482e-05), np.float64(-0.00015714313807979607)]","[np.float64(0.0001767877667475651), np.float64(0.000522318981858012), np.float64(-0.00032574601152611667), np.float64(0.0004251465128976065), np.float64(0.0001459000471229256), np.float64(0.00016425249757180758)]"
52,2024-12-30 10:23:00+00:00,2024-12-30 10:53:00+00:00,2024-12-30 10:53:00+00:00,2024-12-30 10:58:00+00:00,-4.701079160782842,AAPL,"[np.float64(3.9288871432674455e-05), np.float64(0.0), np.float64(0.00013750699834069735), np.float64(-9.820963837281482e-05), np.float64(-0.00015714313807979607), np.float64(0.0)]","[np.float64(3.92888714326747e-05), np.float64(-0.0005405538457836449), np.float64(-3.530875471966676e-05), np.float64(-0.00019985376917907747), np.float64(-0.00013572968483760136), np.float64(0.00022312076832982643)]"
53,2024-12-30 10:24:00+00:00,2024-12-30 10:54:00+00:00,2024-12-30 10:54:00+00:00,2024-12-30 10:59:00+00:00,-2.5574467863846446,AAPL,"[np.float64(0.0), np.float64(0.00013750699834069735), np.float64(-9.820963837281482e-05), np.float64(-0.00015714313807979607), np.float64(0.0), np.float64(5.893272830803653e-05)]","[np.float64(-4.0657581468206416e-19), np.float64(0.00018616531829129216), np.float64(-0.00014654352287640874), np.float64(0.00029681313331557537), np.float64(-0.00011061508211060743), np.float64(7.234397941632248e-06)]"
54,2024-12-30 10:25:00+00:00,2024-12-30 10:55:00+00:00,2024-12-30 10:55:00+00:00,2024-12-30 11:00:00+00:00,0.3087107727733912,AAPL,"[np.float64(0.00013750699834069735), np.float64(-9.820963837281482e-05), np.float64(-0.00015714313807979607), np.float64(0.0), np.float64(5.893272830803653e-05), np.float64(-5.892925544603855e-05)]","[np.float64(0.00013750699834069738), np.float64(-5.94469141517793e-05), np.float64(-3.247282010421331e-05), np.float64(9.025699215648643e-05), np.float64(4.153612841583652e-06), np.float64(-0.00016834855378898396)]"
55,2024-12-30 10:26:00+00:00,2024-12-30 10:56:00+00:00,2024-12-30 10:56:00+00:00,2024-12-30 11:01:00+00:00,-0.328336004874374,AAPL,"[np.float64(-9.820963837281482e-05), np.float64(-0.00015714313807979607), np.float64(0.0), np.float64(5.893272830803653e-05), np.float64(-5.892925544603855e-05), np.float64(0.00011785040868428354)]","[np.float64(-9.820963837281485e-05), np.float64(7.078738706458737e-06), np.float64(6.453142341689021e-05), np.float64(-2.2011634336170708e-05), np.float64(-0.00018058267376099775), np.float64(-1.1082550769203509e-05)]"
56,2024-12-30 10:27:00+00:00,2024-12-30 10:57:00+00:00,2024-12-30 10:57:00+00:00,2024-12-30 11:02:00+00:00,0.3170605221715017,AAPL,"[np.float64(-0.00015714313807979607), np.float64(0.0), np.float64(5.893272830803653e-05), np.float64(-5.892925544603855e-05), np.float64(0.00011785040868428354), np.float64(-5.893504377585401e-05)]","[np.float64(-0.00015714313807979613), np.float64(5.6473319640095174e-05), np.float64(-8.127540372107485e-06), np.float64(-0.00015491358659123464), np.float64(-7.1744043220440555e-06), np.float64(-3.972738296253904e-05)]"
57,2024-12-30 10:28:00+00:00,2024-12-30 10:58:00+00:00,2024-12-30 10:58:00+00:00,2024-12-30 11:03:00+00:00,-0.4007435664238046,AAPL,"[np.float64(0.0), np.float64(5.893272830803653e-05), np.float64(-5.892925544603855e-05), np.float64(0.00011785040868428354), np.float64(-5.893504377585401e-05), np.float64(-5.893388601929672e-05)]","[np.float64(2.710505431213761e-20), np.float64(-4.8726781068587867e-05), np.float64(-0.00019474139541253338), np.float64(2.1197323338286844e-05), np.float64(-4.9414078227667005e-05), np.float64(1.5989786353957466e-05)]"
58,2024-12-30 10:29:00+00:00,2024-12-30 10:59:00+00:00,2024-12-30 10:59:00+00:00,2024-12-30 11:04:00+00:00,-0.48935130547534533,AAPL,"[np.float64(5.893272830803653e-05), np.float64(-5.892925544603855e-05), np.float64(0.00011785040868428354), np.float64(-5.893504377585401e-05), np.float64(-5.893388601929672e-05), np.float64(-0.0001571616607369819)]","[np.float64(5.8932728308036205e-05), np.float64(-0.0001735862971902316), np.float64(-4.660653551903791e-05), np.float64(-2.3126417126990536e-05), np.float64(3.34414810117617e-05), np.float64(-4.969435904064898e-06)]"
59,2024-12-30 10:30:00+00:00,2024-12-30 11:00:00+00:00,2024-12-30 11:00:00+00:00,2024-12-30 11:05:00+00:00,0.2592050957005063,AAPL,"[np.float64(-5.892925544603855e-05), np.float64(0.00011785040868428354), np.float64(-5.893504377585401e-05), np.float64(-5.893388601929672e-05), np.float64(-0.0001571616607369819)]","[np.float64(-5.892925544603889e-05), np.float64(1.3398781734987855e-05), np.float64(1.746436119573337e-05), np.float64(3.551888164005987e-05), np.float64(-7.181819558467313e-05)]"
60,2024-12-30 10:31:00+00:00,2024-12-30 11:01:00+00:00,2024-12-30 11:01:00+00:00,2024-12-30 11:06:00+00:00,0.6139099646214694,AAPL,"[np.float64(0.00011785040868428354), np.float64(-5.893504377585401e-05), np.float64(-5.893388601929672e-05), np.float64(-0.0001571616607369819)]","[np.float64(0.0001178504086842834), np.float64(3.66636745975442e-05), np.float64(2.8429038385697027e-05), np.float64(-0.00014077399194489402)]"
61,2024-12-30 10:32:00+00:00,2024-12-30 11:02:00+00:00,2024-12-30 11:02:00+00:00,2024-12-30 11:07:00+00:00,0.8658704792649553,AAPL,"[np.float64(-5.893504377585401e-05), np.float64(-5.893388601929672e-05), np.float64(-0.0001571616607369819), np.float64(-0.00021612488172717548)]","[np.float64(-5.8935043775854283e-05), np.float64(1.7332869589746256e-05), np.float64(-0.00018769549906401953), np.float64(-0.00015774724038177118)]"
62,2024-12-30 10:33:00+00:00,2024-12-30 11:03:00+00:00,2024-12-30 11:03:00+00:00,2024-12-30 11:08:00+00:00,0.9681519395603345,AAPL,"[np.float64(-5.893388601929672e-05), np.float64(-0.0001571616607369819), np.float64(-0.00021612488172717548)]","[np.float64(-5.8933886019296966e-05), np.float64(-0.00018983781143743584), np.float64(-0.00018190832283032773)]"
63,2024-12-30 10:34:00+00:00,2024-12-30 11:04:00+00:00,2024-12-30 11:04:00+00:00,2024-12-30 11:09:00+00:00,0.991675700060182,AAPL,"[np.float64(-0.0001571616607369819), np.float64(-0.00021612488172717548)]","[np.float64(-0.00015716166073698212), np.float64(-0.00019355494961741126)]"
64,2024-12-30 10:35:00+00:00,2024-12-30 11:05:00+00:00,2024-12-30 11:05:00+00:00,2024-12-30 11:10:00+00:00,0.9870809368499838,AAPL,[np.float64(-0.00021612488172717548)],[np.float64(-0.00019339374011757864)]
65,2024-12-30 10:36:00+00:00,2024-12-30 11:06:00+00:00,2024-12-30 11:06:00+00:00,2024-12-30 11:11:00+00:00,0.9977336838908138,AAPL,[np.float64(-0.00021612488172717548)],[np.float64(-0.0002259633999895204)]
66,2024-12-30 10:37:00+00:00,2024-12-30 11:07:00+00:00,2024-12-30 11:07:00+00:00,2024-12-30 11:12:00+00:00,0.7854907248351994,AAPL,"[np.float64(-0.00021612488172717548), np.float64(0.000137539419997168)]","[np.float64(-0.00021612488172717545), np.float64(2.0785281045163824e-05)]"
67,2024-12-30 10:38:00+00:00,2024-12-30 11:08:00+00:00,2024-12-30 11:08:00+00:00,2024-12-30 11:13:00+00:00,-0.5084793610018754,AAPL,"[np.float64(0.000137539419997168), np.float64(3.9298135308563076e-05)]","[np.float64(-2.9038509480550585e-05), np.float64(-5.2543509233595106e-05)]"
68,2024-12-30 10:39:00+00:00,2024-12-30 11:09:00+00:00,2024-12-30 11:09:00+00:00,2024-12-30 11:14:00+00:00,-0.5109594788940879,AAPL,"[np.float64(0.000137539419997168), np.float64(3.9298135308563076e-05)]","[np.float64(-2.8492372875291425e-05), np.float64(-5.259754212139467e-05)]"
69,2024-12-30 10:40:00+00:00,2024-12-30 11:10:00+00:00,2024-12-30 11:10:00+00:00,2024-12-30 11:15:00+00:00,-2.554844491227895,AAPL,"[np.float64(0.000137539419997168), np.float64(3.9298135308563076e-05), np.float64(0.00013753671760774466)]","[np.float64(-3.1036554206436296e-05), np.float64(-7.696156740484298e-05), np.float64(-0.00020622170716544147)]"
70,2024-12-30 10:41:00+00:00,2024-12-30 11:11:00+00:00,2024-12-30 11:11:00+00:00,2024-12-30 11:16:00+00:00,-2.4468065068097555,AAPL,"[np.float64(0.000137539419997168), np.float64(3.9298135308563076e-05), np.float64(0.00013753671760774466), np.float64(7.858700567897614e-05)]","[np.float64(-1.7192831049618113e-06), np.float64(-0.00012804417482090364), np.float64(-0.0002495640504430129), np.float64(6.665825504744077e-05)]"
71,2024-12-30 10:42:00+00:00,2024-12-30 11:12:00+00:00,2024-12-30 11:12:00+00:00,2024-12-30 11:17:00+00:00,-1.5123919715598322,AAPL,"[np.float64(0.000137539419997168), np.float64(3.9298135308563076e-05), np.float64(0.00013753671760774466), np.float64(7.858700567897614e-05), np.float64(0.00017680860514612817)]","[np.float64(0.00013753941999716785), np.float64(-0.00013216086360526579), np.float64(-0.00021937349175802121), np.float64(2.782701498083758e-05), np.float64(0.00046175520977882105)]"
72,2024-12-30 10:43:00+00:00,2024-12-30 11:13:00+00:00,2024-12-30 11:13:00+00:00,2024-12-30 11:18:00+00:00,-1.0737247937455114,AAPL,"[np.float64(3.9298135308563076e-05), np.float64(0.00013753671760774466), np.float64(7.858700567897614e-05), np.float64(0.00017680860514612817), np.float64(0.0003536137396134009)]","[np.float64(3.9298135308563096e-05), np.float64(-0.00023632341339701723), np.float64(2.7972053466741077e-05), np.float64(0.0003802969654454806), np.float64(-0.0001373205930891075)]"
73,2024-12-30 10:44:00+00:00,2024-12-30 11:14:00+00:00,2024-12-30 11:14:00+00:00,2024-12-30 11:19:00+00:00,-0.9028920256996655,AAPL,"[np.float64(0.00013753671760774466), np.float64(7.858700567897614e-05), np.float64(0.00017680860514612817), np.float64(0.0003536137396134009)]","[np.float64(-0.0001625524695413602), np.float64(5.1046010207087046e-05), np.float64(0.0003905204856978989), np.float64(-0.0001435866089865152)]"
74,2024-12-30 10:45:00+00:00,2024-12-30 11:15:00+00:00,2024-12-30 11:15:00+00:00,2024-12-30 11:20:00+00:00,-0.4417533697171758,AAPL,"[np.float64(0.00013753671760774466), np.float64(7.858700567897614e-05), np.float64(0.00017680860514612817), np.float64(0.0003536137396134009), np.float64(0.0005106851148077851)]","[np.float64(0.0001375367176077446), np.float64(0.00012419146592921142), np.float64(0.0004472313293027878), np.float64(-0.00017579588846576558), np.float64(-4.807014440729742e-05)]"
75,2024-12-30 10:46:00+00:00,2024-12-30 11:16:00+00:00,2024-12-30 11:16:00+00:00,2024-12-30 11:21:00+00:00,-0.6497133936489985,AAPL,"[np.float64(7.858700567897614e-05), np.float64(0.00017680860514612817), np.float64(0.0003536137396134009), np.float64(0.0005106851148077851), np.float64(0.0003339258911987386)]","[np.float64(7.858700567897689e-05), np.float64(0.00045387645787969735), np.float64(-0.0001986648538660708), np.float64(-0.00020393522715073182), np.float64(0.00016192552296423113)]"
76,2024-12-30 10:47:00+00:00,2024-12-30 11:17:00+00:00,2024-12-30 11:17:00+00:00,2024-12-30 11:22:00+00:00,-0.6524869833581435,AAPL,"[np.float64(0.00017680860514612817), np.float64(0.0003536137396134009), np.float64(0.0005106851148077851), np.float64(0.0003339258911987386), np.float64(0.00025533503040708894)]","[np.float64(0.00017680860514612842), np.float64(-0.00014818409947291397), np.float64(-0.00023942690146194155), np.float64(-8.774567805000074e-06), np.float64(4.3370472358920004e-05)]"
77,2024-12-30 10:48:00+00:00,2024-12-30 11:18:00+00:00,2024-12-30 11:18:00+00:00,2024-12-30 11:23:00+00:00,0.6027315696837412,AAPL,"[np.float64(0.0003536137396134009), np.float64(0.0005106851148077851), np.float64(0.0003339258911987386), np.float64(0.00025533503040708894), np.float64(0.00019639806021842787)]","[np.float64(0.00035361373961340103), np.float64(0.00012660659613259205), np.float64(0.00037186702055011826), np.float64(-3.675822170335781e-06), np.float64(0.00024980152895715923)]"
78,2024-12-30 10:49:00+00:00,2024-12-30 11:19:00+00:00,2024-12-30 11:19:00+00:00,2024-12-30 11:24:00+00:00,0.5449423049238429,AAPL,"[np.float64(0.0005106851148077851), np.float64(0.0003339258911987386), np.float64(0.00025533503040708894), np.float64(0.00019639806021842787), np.float64(-3.927652638857637e-05)]","[np.float64(0.0002469977360885145), np.float64(0.00023799898389780652), np.float64(0.00010403803746450903), np.float64(0.00020625910852848937), np.float64(0.0002688229204589828)]"
79,2024-12-30 10:50:00+00:00,2024-12-30 11:20:00+00:00,2024-12-30 11:20:00+00:00,2024-12-30 11:25:00+00:00,0.665255528149826,AAPL,"[np.float64(0.0005106851148077851), np.float64(0.0003339258911987386), np.float64(0.00025533503040708894), np.float64(0.00019639806021842787), np.float64(-3.927652638857637e-05), np.float64(-0.0002553099574935658)]","[np.float64(0.0005106851148077847), np.float64(0.0002156198387239099), np.float64(3.858301996827055e-05), np.float64(0.00018723311340051524), np.float64(6.452693154843057e-05), np.float64(3.603960702830627e-05)]"
80,2024-12-30 10:51:00+00:00,2024-12-30 11:21:00+00:00,2024-12-30 11:21:00+00:00,2024-12-30 11:26:00+00:00,-0.15012256361523701,AAPL,"[np.float64(0.0003339258911987386), np.float64(0.00025533503040708894), np.float64(0.00019639806021842787), np.float64(-3.927652638857637e-05), np.float64(-0.0002553099574935658)]","[np.float64(0.00033392589119873894), np.float64(0.0002208881991577164), np.float64(0.00041406766055995174), np.float64(8.249444265481753e-05), np.float64(0.00020393337190938293)]"
81,2024-12-30 10:52:00+00:00,2024-12-30 11:22:00+00:00,2024-12-30 11:22:00+00:00,2024-12-30 11:27:00+00:00,-1.2789376157946308,AAPL,"[np.float64(0.00025533503040708894), np.float64(0.00019639806021842787), np.float64(-3.927652638857637e-05), np.float64(-0.0002553099574935658), np.float64(-0.00013747999196755956)]","[np.float64(0.000255335030407089), np.float64(0.00042099518370302503), np.float64(7.263676979209189e-05), np.float64(0.00019977855662592212), np.float64(0.000332165107654678)]"
82,2024-12-30 10:53:00+00:00,2024-12-30 11:23:00+00:00,2024-12-30 11:23:00+00:00,2024-12-30 11:28:00+00:00,-0.5648275132176666,AAPL,"[np.float64(0.00019639806021842787), np.float64(-3.927652638857637e-05), np.float64(-0.0002553099574935658), np.float64(-0.00013747999196755956), np.float64(-0.00023568230134962675)]","[np.float64(0.000196398060218428), np.float64(-4.7041808026687605e-05), np.float64(1.4018995675500599e-05), np.float64(0.0003877993073226679), np.float64(6.823449066919857e-05)]"
83,2024-12-30 10:54:00+00:00,2024-12-30 11:24:00+00:00,2024-12-30 11:24:00+00:00,2024-12-30 11:29:00+00:00,-1.7055214086041035,AAPL,"[np.float64(-3.927652638857637e-05), np.float64(-0.0002553099574935658), np.float64(-0.00013747999196755956), np.float64(-0.00023568230134962675), np.float64(-0.00019640577496105038)]","[np.float64(-3.927652638857645e-05), np.float64(8.491002833809863e-05), np.float64(0.0005208353425674495), np.float64(0.00027520376144058876), np.float64(0.00010788996550023094)]"
84,2024-12-30 10:55:00+00:00,2024-12-30 11:25:00+00:00,2024-12-30 11:25:00+00:00,2024-12-30 11:30:00+00:00,0.21216378698179972,AAPL,"[np.float64(-0.0002553099574935658), np.float64(-0.00013747999196755956), np.float64(-0.00023568230134962675), np.float64(-0.00019640577496105038), np.float64(7.856385281179712e-05)]","[np.float64(-0.000255309957493567), np.float64(0.00018455978709112008), np.float64(2.5579954289420482e-05), np.float64(-2.925706913231731e-05), np.float64(0.000262908414692675)]"
85,2024-12-30 10:56:00+00:00,2024-12-30 11:26:00+00:00,2024-12-30 11:26:00+00:00,2024-12-30 11:31:00+00:00,-0.5564598050697593,AAPL,"[np.float64(-0.00013747999196755956), np.float64(-0.00023568230134962675), np.float64(-0.00019640577496105038), np.float64(7.856385281179712e-05), np.float64(-1.9640770311468714e-05)]","[np.float64(0.00018500254381360632), np.float64(5.7850151333801376e-05), np.float64(-3.347019755466145e-05), np.float64(0.0002846091727866893), np.float64(0.00019868626282000009)]"
86,2024-12-30 10:57:00+00:00,2024-12-30 11:27:00+00:00,2024-12-30 11:27:00+00:00,2024-12-30 11:32:00+00:00,-0.000859464010294797,AAPL,"[np.float64(-0.00013747999196755956), np.float64(-0.00023568230134962675), np.float64(-0.00019640577496105038), np.float64(7.856385281179712e-05), np.float64(-1.9640770311468714e-05), np.float64(9.820192287257612e-05)]","[np.float64(-0.00013747999196755953), np.float64(-5.7635869705787286e-05), np.float64(2.7286082088200694e-05), np.float64(8.01138864701451e-05), np.float64(0.0003183247063043754), np.float64(8.540356118630517e-05)]"
87,2024-12-30 10:58:00+00:00,2024-12-30 11:28:00+00:00,2024-12-30 11:28:00+00:00,2024-12-30 11:33:00+00:00,0.1288349844553891,AAPL,"[np.float64(-0.00023568230134962675), np.float64(-0.00019640577496105038), np.float64(7.856385281179712e-05), np.float64(-1.9640770311468714e-05), np.float64(9.820192287257612e-05), np.float64(0.000117848093942996)]","[np.float64(-0.00023568230134962692), np.float64(1.2586620775334516e-05), np.float64(-7.012491083251008e-05), np.float64(0.00024105923467121961), np.float64(5.932333189192539e-05), np.float64(0.00016899654403930816)]"
88,2024-12-30 10:59:00+00:00,2024-12-30 11:29:00+00:00,2024-12-30 11:29:00+00:00,2024-12-30 11:34:00+00:00,-0.8637468536917241,AAPL,"[np.float64(-0.00019640577496105038), np.float64(7.856385281179712e-05), np.float64(-1.9640770311468714e-05), np.float64(9.820192287257612e-05), np.float64(0.000117848093942996), np.float64(-1.964269930088136e-05)]","[np.float64(-0.0001964057749610504), np.float64(-8.769885650036983e-05), np.float64(0.0002074053826352601), np.float64(-3.8007637299099266e-05), np.float64(-8.860944736769006e-06), np.float64(0.00014581901424077064)]"
89,2024-12-30 11:00:00+00:00,2024-12-30 11:30:00+00:00,2024-12-30 11:30:00+00:00,2024-12-30 11:35:00+00:00,-3.219729027328224,AAPL,"[np.float64(7.856385281179712e-05), np.float64(-1.9640770311468714e-05), np.float64(9.820192287257612e-05), np.float64(0.000117848093942996), np.float64(-1.964269930088136e-05), np.float64(-9.820578047126105e-05)]","[np.float64(7.85638528117969e-05), np.float64(0.0002559921337859727), np.float64(6.310135422119006e-06), np.float64(9.6477216401559e-05), np.float64(0.00016838391395131025), np.float64(0.00010474197403135174)]"
90,2024-12-30 11:01:00+00:00,2024-12-30 11:31:00+00:00,2024-12-30 11:31:00+00:00,2024-12-30 11:36:00+00:00,-1.6042313618959798,AAPL,"[np.float64(-1.9640770311468714e-05), np.float64(9.820192287257612e-05), np.float64(0.000117848093942996), np.float64(-1.964269930088136e-05), np.float64(-9.820578047126105e-05)]","[np.float64(-1.9640770311468904e-05), np.float64(7.360647157221892e-08), np.float64(-5.295196855738187e-05), np.float64(0.00016039736140859647), np.float64(6.608524268768512e-05)]"
91,2024-12-30 11:02:00+00:00,2024-12-30 11:32:00+00:00,2024-12-30 11:32:00+00:00,2024-12-30 11:37:00+00:00,-2.154819939056793,AAPL,"[np.float64(9.820192287257612e-05), np.float64(0.000117848093942996), np.float64(-1.964269930088136e-05), np.float64(-9.820578047126105e-05), np.float64(-5.891999648266477e-05)]","[np.float64(9.820192287257673e-05), np.float64(-2.7791289676491933e-05), np.float64(0.00019291859469592126), np.float64(8.813823196099624e-05), np.float64(0.00013657613529337233)]"
92,2024-12-30 11:03:00+00:00,2024-12-30 11:33:00+00:00,2024-12-30 11:33:00+00:00,2024-12-30 11:38:00+00:00,-6.290334266696703,AAPL,"[np.float64(0.000117848093942996), np.float64(-1.964269930088136e-05), np.float64(-9.820578047126105e-05), np.float64(-5.891999648266477e-05), np.float64(0.00015710919121136868)]","[np.float64(0.00011784809394299584), np.float64(0.00019754270518329767), np.float64(0.00026085735695281277), np.float64(0.0003221773998409883), np.float64(-0.0001403259515146883)]"
93,2024-12-30 11:04:00+00:00,2024-12-30 11:34:00+00:00,2024-12-30 11:34:00+00:00,2024-12-30 11:39:00+00:00,-2.5558144225025274,AAPL,"[np.float64(-1.964269930088136e-05), np.float64(-9.820578047126105e-05), np.float64(-5.891999648266477e-05), np.float64(0.00015710919121136868), np.float64(0.0)]","[np.float64(-1.9642699300881768e-05), np.float64(0.00010587484806405313), np.float64(0.0002423428264863116), np.float64(-8.7443402206228e-05), np.float64(-8.77191154297661e-05)]"
94,2024-12-30 11:05:00+00:00,2024-12-30 11:35:00+00:00,2024-12-30 11:35:00+00:00,2024-12-30 11:40:00+00:00,-1.6453632906953266,AAPL,"[np.float64(-9.820578047126105e-05), np.float64(-5.891999648266477e-05), np.float64(0.00015710919121136868), np.float64(0.0)]","[np.float64(-9.820578047126091e-05), np.float64(0.0002464252929154166), np.float64(-3.82365219314861e-05), np.float64(-7.317982177395253e-05)]"
95,2024-12-30 11:06:00+00:00,2024-12-30 11:36:00+00:00,2024-12-30 11:36:00+00:00,2024-12-30 11:41:00+00:00,-3.7072844416804767,AAPL,"[np.float64(-5.891999648266477e-05), np.float64(0.00015710919121136868), np.float64(0.0), np.float64(0.00011784577929319084)]","[np.float64(0.0002464252929154166), np.float64(-3.82365219314861e-05), np.float64(-7.317982177395253e-05), np.float64(3.6063081383222695e-05)]"
96,2024-12-30 11:07:00+00:00,2024-12-30 11:37:00+00:00,2024-12-30 11:37:00+00:00,2024-12-30 11:42:00+00:00,-0.42048211765299426,AAPL,"[np.float64(-5.891999648266477e-05), np.float64(0.00015710919121136868), np.float64(0.0), np.float64(0.00011784577929319084), np.float64(3.928038338152362e-05)]","[np.float64(-5.8919996482664744e-05), np.float64(-2.3902563173218986e-05), np.float64(5.728953238153902e-05), np.float64(3.459152003322324e-05), np.float64(1.7641026124124866e-05)]"
97,2024-12-30 11:08:00+00:00,2024-12-30 11:38:00+00:00,2024-12-30 11:38:00+00:00,2024-12-30 11:43:00+00:00,0.4157288818350132,AAPL,"[np.float64(0.00015710919121136868), np.float64(0.0), np.float64(0.00011784577929319084), np.float64(3.928038338152362e-05), np.float64(-0.00011782957928829774)]","[np.float64(0.0001571091912113686), np.float64(2.4972538258560286e-05), np.float64(2.6131158983094902e-05), np.float64(-0.0001007960194254072), np.float64(-0.00015172156393124811)]"
98,2024-12-30 11:09:00+00:00,2024-12-30 11:39:00+00:00,2024-12-30 11:39:00+00:00,2024-12-30 11:44:00+00:00,-0.6625599123850332,AAPL,"[np.float64(0.0), np.float64(0.00011784577929319084), np.float64(3.928038338152362e-05), np.float64(-0.00011782957928829774), np.float64(3.928501277261631e-05)]","[np.float64(-1.179069862577986e-18), np.float64(2.1048403878678947e-05), np.float64(-0.00010489253191517977), np.float64(-0.00016285436838283046), np.float64(-0.0001582806047485028)]"
99,2024-12-30 11:10:00+00:00,2024-12-30 11:40:00+00:00,2024-12-30 11:40:00+00:00,2024-12-30 11:45:00+00:00,0.032472234478571615,AAPL,"[np.float64(0.00011784577929319084), np.float64(3.928038338152362e-05), np.float64(-0.00011782957928829774), np.float64(3.928501277261631e-05), np.float64(0.00025531497168262973)]","[np.float64(2.1048403878678947e-05), np.float64(-0.00010489253191517977), np.float64(-0.00016285436838283046), np.float64(-0.00015828060474850275), np.float64(0.00026701738826471805)]"
100,2024-12-30 11:11:00+00:00,2024-12-30 11:41:00+00:00,2024-12-30 11:41:00+00:00,2024-12-30 11:46:00+00:00,0.5892779095800461,AAPL,"[np.float64(0.00011784577929319084), np.float64(3.928038338152362e-05), np.float64(-0.00011782957928829774), np.float64(3.928501277261631e-05), np.float64(0.00025531497168262973), np.float64(0.00037308670771452057)]","[np.float64(0.00011784577929319117), np.float64(-8.954310908929934e-05), np.float64(-0.0002210641672460043), np.float64(-0.00015747057802206266), np.float64(0.0002805657440953797), np.float64(0.0003326010152939661)]"
101,2024-12-30 11:12:00+00:00,2024-12-30 11:42:00+00:00,2024-12-30 11:42:00+00:00,2024-12-30 11:47:00+00:00,0.7846435402328362,AAPL,"[np.float64(3.928038338152362e-05), np.float64(-0.00011782957928829774), np.float64(3.928501277261631e-05), np.float64(0.00025531497168262973), np.float64(0.00037308670771452057), np.float64(-0.00011784577929319084)]","[np.float64(3.928038338152343e-05), np.float64(-0.00017021352314386786), np.float64(-6.378696684560716e-05), np.float64(0.00042602206331723093), np.float64(0.0003778076760782888), np.float64(-0.00010052112642842099)]"
102,2024-12-30 11:13:00+00:00,2024-12-30 11:43:00+00:00,2024-12-30 11:43:00+00:00,2024-12-30 11:48:00+00:00,0.24775678158112935,AAPL,"[np.float64(-0.00011782957928829774), np.float64(3.928501277261631e-05), np.float64(0.00025531497168262973), np.float64(0.00037308670771452057), np.float64(-0.00011784577929319084), np.float64(0.0003141813637750346)]","[np.float64(-0.00011782957928829767), np.float64(-0.0001470983383654238), np.float64(0.00036951774140549687), np.float64(0.00030850250002981074), np.float64(-0.0001266103386464672), np.float64(-7.050454718246424e-05)]"
103,2024-12-30 11:14:00+00:00,2024-12-30 11:44:00+00:00,2024-12-30 11:44:00+00:00,2024-12-30 11:49:00+00:00,0.5710930653323771,AAPL,"[np.float64(3.928501277261631e-05), np.float64(0.00025531497168262973), np.float64(0.00037308670771452057), np.float64(-0.00011784577929319084), np.float64(0.0003141813637750346), np.float64(0.0004320333125606979)]","[np.float64(3.928501277261589e-05), np.float64(0.00024081917165127831), np.float64(0.0002474938408616353), np.float64(-7.484717058267243e-05), np.float64(-2.2051158716197218e-05), np.float64(0.0002593581341218121)]"
104,2024-12-30 11:15:00+00:00,2024-12-30 11:45:00+00:00,2024-12-30 11:45:00+00:00,2024-12-30 11:50:00+00:00,0.5236071757673512,AAPL,"[np.float64(0.00025531497168262973), np.float64(0.00037308670771452057), np.float64(-0.00011784577929319084), np.float64(0.0003141813637750346), np.float64(0.0004320333125606979), np.float64(0.0)]","[np.float64(0.00025531497168262935), np.float64(0.0002446503760455118), np.float64(-7.357480101825712e-05), np.float64(-1.9864337702444606e-05), np.float64(0.0002599095497555239), np.float64(-0.00011876350407197736)]"
105,2024-12-30 11:16:00+00:00,2024-12-30 11:46:00+00:00,2024-12-30 11:46:00+00:00,2024-12-30 11:51:00+00:00,0.3462613081709929,AAPL,"[np.float64(0.00037308670771452057), np.float64(-0.00011784577929319084), np.float64(0.0003141813637750346), np.float64(0.0004320333125606979), np.float64(0.0), np.float64(-0.0001963440739851663)]","[np.float64(0.00037308670771452057), np.float64(-6.700651124047521e-05), np.float64(-5.6469315801530994e-05), np.float64(0.000226186421509775), np.float64(-9.340219059640812e-05), np.float64(5.713710984231122e-05)]"
106,2024-12-30 11:17:00+00:00,2024-12-30 11:47:00+00:00,2024-12-30 11:47:00+00:00,2024-12-30 11:52:00+00:00,0.04900552635757027,AAPL,"[np.float64(-0.00011784577929319084), np.float64(0.0003141813637750346), np.float64(0.0004320333125606979), np.float64(0.0), np.float64(-0.0001963440739851663), np.float64(0.00017676346148931543)]","[np.float64(-0.00011784577929319122), np.float64(-5.455739854712182e-05), np.float64(0.0002385227310625469), np.float64(-0.00011458925995588379), np.float64(6.751076752009995e-05), np.float64(-3.026090379972706e-05)]"
107,2024-12-30 11:18:00+00:00,2024-12-30 11:48:00+00:00,2024-12-30 11:48:00+00:00,2024-12-30 11:53:00+00:00,-0.46489565977425373,AAPL,"[np.float64(0.0003141813637750346), np.float64(0.0004320333125606979), np.float64(0.0), np.float64(-0.0001963440739851663), np.float64(0.00017676346148931543), np.float64(-0.00027490329468005115)]","[np.float64(0.00031418136377503453), np.float64(0.00033725838368128705), np.float64(-0.00010755599701487357), np.float64(0.0001914296900240776), np.float64(-4.745970908518573e-05), np.float64(0.0003251412865069236)]"
108,2024-12-30 11:19:00+00:00,2024-12-30 11:49:00+00:00,2024-12-30 11:49:00+00:00,2024-12-30 11:54:00+00:00,-0.48905604326961205,AAPL,"[np.float64(0.0004320333125606979), np.float64(0.0), np.float64(-0.0001963440739851663), np.float64(0.00017676346148931543), np.float64(-0.00027490329468005115), np.float64(-0.00031418753326750704)]","[np.float64(0.0004320333125606979), np.float64(-0.00014783894534730192), np.float64(0.00019567530584767298), np.float64(-6.289509602295433e-05), np.float64(0.0003649599534537144), np.float64(-1.6609834852494376e-05)]"
109,2024-12-30 11:20:00+00:00,2024-12-30 11:50:00+00:00,2024-12-30 11:50:00+00:00,2024-12-30 11:55:00+00:00,-0.6695443361333391,AAPL,"[np.float64(0.0), np.float64(-0.0001963440739851663), np.float64(0.00017676346148931543), np.float64(-0.00027490329468005115), np.float64(-0.00031418753326750704), np.float64(-0.00033388654060040324)]","[np.float64(2.236166980751353e-19), np.float64(0.00015660047067291558), np.float64(-5.287192850428964e-05), np.float64(0.0004360893363583517), np.float64(2.28748194431613e-05), np.float64(-5.6647741993660444e-05)]"
110,2024-12-30 11:21:00+00:00,2024-12-30 11:51:00+00:00,2024-12-30 11:51:00+00:00,2024-12-30 11:56:00+00:00,0.3870878713990392,AAPL,"[np.float64(-0.0001963440739851663), np.float64(0.00017676346148931543), np.float64(-0.00027490329468005115), np.float64(-0.00031418753326750704), np.float64(-0.00033388654060040324)]","[np.float64(-0.0001963440739851665), np.float64(3.65306348499207e-05), np.float64(0.0001965451724481401), np.float64(-0.0001421896632343222), np.float64(-0.00024739291892035065)]"
111,2024-12-30 11:22:00+00:00,2024-12-30 11:52:00+00:00,2024-12-30 11:52:00+00:00,2024-12-30 11:57:00+00:00,-0.11889330854858104,AAPL,"[np.float64(0.00017676346148931543), np.float64(-0.00027490329468005115), np.float64(-0.00031418753326750704), np.float64(-0.00033388654060040324), np.float64(-5.891768219612459e-05)]","[np.float64(0.0001767634614893153), np.float64(0.0001793818019243734), np.float64(-0.00013180023047283827), np.float64(-0.00017945430993041698), np.float64(0.000364440946653031)]"
112,2024-12-30 11:23:00+00:00,2024-12-30 11:53:00+00:00,2024-12-30 11:53:00+00:00,2024-12-30 11:58:00+00:00,-0.056861347217494584,AAPL,"[np.float64(-0.00027490329468005115), np.float64(-0.00031418753326750704), np.float64(-0.00033388654060040324), np.float64(-5.891768219612459e-05), np.float64(-0.00031426775871512547)]","[np.float64(-0.0002749032946800514), np.float64(-6.7500500003421385e-06), np.float64(-0.00030459467134173003), np.float64(0.0005348210313868727), np.float64(-0.00015205235168884391)]"
113,2024-12-30 11:24:00+00:00,2024-12-30 11:54:00+00:00,2024-12-30 11:54:00+00:00,2024-12-30 11:59:00+00:00,-1.7073188252828824,AAPL,"[np.float64(-0.00031418753326750704), np.float64(-0.00033388654060040324), np.float64(-5.891768219612459e-05), np.float64(-0.00031426775871512547), np.float64(-0.0002553500765190009)]","[np.float64(-0.0003141875332675077), np.float64(-0.00021511818889128283), np.float64(0.0009356659835984863), np.float64(-0.0002825038001655945), np.float64(-3.765085822396934e-05)]"
114,2024-12-30 11:25:00+00:00,2024-12-30 11:55:00+00:00,2024-12-30 11:55:00+00:00,2024-12-30 12:00:00+00:00,-1.5651689247057594,AAPL,"[np.float64(-0.00033388654060040324), np.float64(-5.891768219612459e-05), np.float64(-0.00031426775871512547), np.float64(-0.0002553500765190009), np.float64(-3.9288099640266694e-05)]","[np.float64(-0.0003338865406004032), np.float64(0.0005401000710728234), np.float64(1.7164726508113096e-05), np.float64(0.00016958788107526666), np.float64(-0.00023488899311778418)]"
115,2024-12-30 11:26:00+00:00,2024-12-30 11:56:00+00:00,2024-12-30 11:56:00+00:00,2024-12-30 12:01:00+00:00,-3.8569721308970104,AAPL,"[np.float64(-5.891768219612459e-05), np.float64(-0.00031426775871512547), np.float64(-0.0002553500765190009), np.float64(-3.9288099640266694e-05), np.float64(-5.892809791596676e-05)]","[np.float64(0.0006679389198257011), np.float64(5.333620220320393e-05), np.float64(0.00011020715836136373), np.float64(-0.00016618095595381934), np.float64(0.00015359113335585803)]"
116,2024-12-30 11:27:00+00:00,2024-12-30 11:57:00+00:00,2024-12-30 11:57:00+00:00,2024-12-30 12:02:00+00:00,-3.92203406996948,AAPL,"[np.float64(-5.891768219612459e-05), np.float64(-0.00031426775871512547), np.float64(-0.0002553500765190009), np.float64(-3.9288099640266694e-05), np.float64(-5.892809791596676e-05), np.float64(-0.00015713079206580716)]","[np.float64(-5.891768219612437e-05), np.float64(0.00017061000942357785), np.float64(0.0005360052738297528), np.float64(6.008605205382136e-05), np.float64(0.00020749812077588514), np.float64(2.7964611763068672e-05)]"
117,2024-12-30 11:28:00+00:00,2024-12-30 11:58:00+00:00,2024-12-30 11:58:00+00:00,2024-12-30 12:03:00+00:00,-4.7767978944831135,AAPL,"[np.float64(-0.00031426775871512547), np.float64(-0.0002553500765190009), np.float64(-3.9288099640266694e-05), np.float64(-5.892809791596676e-05), np.float64(-0.00015713079206580716), np.float64(0.00013750429722581003)]","[np.float64(-0.0003142677587151257), np.float64(0.0008065853659229176), np.float64(-7.171298065072098e-05), np.float64(3.1298748671208725e-05), np.float64(-0.00017789863650064284), np.float64(-7.979585916756692e-05)]"
118,2024-12-30 11:29:00+00:00,2024-12-30 11:59:00+00:00,2024-12-30 11:59:00+00:00,2024-12-30 12:04:00+00:00,-6.376160803191026,AAPL,"[np.float64(-0.0002553500765190009), np.float64(-3.9288099640266694e-05), np.float64(-5.892809791596676e-05), np.float64(-0.00015713079206580716), np.float64(0.00013750429722581003)]","[np.float64(-0.00025535007651900066), np.float64(-0.00064726830917671), np.float64(-0.00033443958843380197), np.float64(-0.0006880629557370284), np.float64(-0.0001432096169208562)]"
119,2024-12-30 11:30:00+00:00,2024-12-30 12:00:00+00:00,2024-12-30 12:00:00+00:00,2024-12-30 12:05:00+00:00,-12.284736237876634,AAPL,"[np.float64(-3.9288099640266694e-05), np.float64(-5.892809791596676e-05), np.float64(-0.00015713079206580716), np.float64(0.00013750429722581003), np.float64(9.821735508630525e-05)]","[np.float64(-3.928809964026706e-05), np.float64(-0.0006572485468771657), np.float64(0.00037972603736308186), np.float64(-0.0001780696764340698), np.float64(0.0002650950780323314)]"
120,2024-12-30 11:31:00+00:00,2024-12-30 12:01:00+00:00,2024-12-30 12:01:00+00:00,2024-12-30 12:06:00+00:00,-1.8333720595169796,AAPL,"[np.float64(-5.892809791596676e-05), np.float64(-0.00015713079206580716), np.float64(0.00013750429722581003), np.float64(9.821735508630525e-05), np.float64(-0.00015715857332398997)]","[np.float64(-5.8928097915966976e-05), np.float64(0.00014953736255200062), np.float64(0.00046401079155005076), np.float64(-4.9405908280426516e-05), np.float64(-0.00022279334601903194)]"
121,2024-12-30 11:32:00+00:00,2024-12-30 12:02:00+00:00,2024-12-30 12:02:00+00:00,2024-12-30 12:07:00+00:00,-23.967352502633343,AAPL,"[np.float64(-0.00015713079206580716), np.float64(0.00013750429722581003), np.float64(9.821735508630525e-05), np.float64(-0.00015715857332398997), np.float64(-9.821928445319372e-05)]","[np.float64(-0.00015713079206580743), np.float64(0.0002513134472737187), np.float64(-4.0000253083553283e-05), np.float64(-0.0007810658028814067), np.float64(-0.0013968688026572103)]"
122,2024-12-30 11:33:00+00:00,2024-12-30 12:03:00+00:00,2024-12-30 12:03:00+00:00,2024-12-30 12:08:00+00:00,-30.825676682997752,AAPL,"[np.float64(0.00013750429722581003), np.float64(9.821735508630525e-05), np.float64(-0.00015715857332398997), np.float64(-9.821928445319372e-05)]","[np.float64(0.00013750429722580938), np.float64(-7.733290701926861e-05), np.float64(-0.0008792640678242383), np.float64(-0.0013018627927020078)]"
123,2024-12-30 11:34:00+00:00,2024-12-30 12:04:00+00:00,2024-12-30 12:04:00+00:00,2024-12-30 12:09:00+00:00,-34.551833425521785,AAPL,"[np.float64(9.821735508630525e-05), np.float64(-0.00015715857332398997), np.float64(-9.821928445319372e-05)]","[np.float64(-3.232901219858643e-05), np.float64(-0.00014488506903808577), np.float64(-0.0012868006016061027)]"
124,2024-12-30 11:35:00+00:00,2024-12-30 12:05:00+00:00,2024-12-30 12:05:00+00:00,2024-12-30 12:10:00+00:00,-32.599829880534486,AAPL,"[np.float64(9.821735508630525e-05), np.float64(-0.00015715857332398997), np.float64(-9.821928445319372e-05)]","[np.float64(9.821735508630563e-05), np.float64(-0.000607993314149275), np.float64(-0.001186342678804735)]"
125,2024-12-30 11:36:00+00:00,2024-12-30 12:06:00+00:00,2024-12-30 12:06:00+00:00,2024-12-30 12:11:00+00:00,-4.867090241095688,AAPL,"[np.float64(-0.00015715857332398997), np.float64(-9.821928445319372e-05), np.float64(-0.00041265880580443337)]","[np.float64(-0.00015715857332399032), np.float64(-0.0011408177917907947), np.float64(-0.00025545057320177343)]"
126,2024-12-30 11:37:00+00:00,2024-12-30 12:07:00+00:00,2024-12-30 12:07:00+00:00,2024-12-30 12:12:00+00:00,0.6545689858756113,AAPL,"[np.float64(-9.821928445319372e-05), np.float64(-0.00041265880580443337), np.float64(-0.0005502063412530234)]","[np.float64(-9.82192844531939e-05), np.float64(-0.00022257831939451758), np.float64(-0.00020376797706665286)]"
127,2024-12-30 11:38:00+00:00,2024-12-30 12:08:00+00:00,2024-12-30 12:08:00+00:00,2024-12-30 12:13:00+00:00,0.010048413436490211,AAPL,"[np.float64(-0.00041265880580443337), np.float64(-0.0005502063412530234), np.float64(-0.0002358258829833204)]","[np.float64(-0.0005089223907664524), np.float64(-0.0002607944956645118), np.float64(0.0003964046240897811)]"
128,2024-12-30 11:39:00+00:00,2024-12-30 12:09:00+00:00,2024-12-30 12:09:00+00:00,2024-12-30 12:14:00+00:00,0.06977115493115427,AAPL,"[np.float64(-0.00041265880580443337), np.float64(-0.0005502063412530234), np.float64(-0.0002358258829833204), np.float64(-0.0003341096500326657)]","[np.float64(-0.0005454034908046084), np.float64(-0.00021598215840704457), np.float64(0.0003715432704120234), np.float64(-0.0005409391940997394)]"
129,2024-12-30 11:40:00+00:00,2024-12-30 12:10:00+00:00,2024-12-30 12:10:00+00:00,2024-12-30 12:15:00+00:00,0.6085114306215982,AAPL,"[np.float64(-0.00041265880580443337), np.float64(-0.0005502063412530234), np.float64(-0.0002358258829833204), np.float64(-0.0003341096500326657), np.float64(-0.00041269935438226213)]","[np.float64(-0.0002602627212316467), np.float64(-0.0005117423990414898), np.float64(0.0002465784139474252), np.float64(-0.00046806783797444826), np.float64(-0.0005207086880282682)]"
130,2024-12-30 11:41:00+00:00,2024-12-30 12:11:00+00:00,2024-12-30 12:11:00+00:00,2024-12-30 12:16:00+00:00,0.5076726288829627,AAPL,"[np.float64(-0.00041265880580443337), np.float64(-0.0005502063412530234), np.float64(-0.0002358258829833204), np.float64(-0.0003341096500326657), np.float64(-0.00041269935438226213)]","[np.float64(-0.0004126588058044334), np.float64(-0.0004870267028158547), np.float64(0.000303486000564397), np.float64(-0.0005310918318849262), np.float64(-0.00043480616877985466)]"
131,2024-12-30 11:42:00+00:00,2024-12-30 12:12:00+00:00,2024-12-30 12:12:00+00:00,2024-12-30 12:17:00+00:00,-0.3179646962279261,AAPL,"[np.float64(-0.0005502063412530234), np.float64(-0.0002358258829833204), np.float64(-0.0003341096500326657), np.float64(-0.00041269935438226213), np.float64(-0.0002358954207908326)]","[np.float64(-0.0005502063412530239), np.float64(0.000393209357141062), np.float64(-0.0004652679226761052), np.float64(-0.0004964165415642991), np.float64(0.0002505590954092051)]"
132,2024-12-30 11:43:00+00:00,2024-12-30 12:13:00+00:00,2024-12-30 12:13:00+00:00,2024-12-30 12:18:00+00:00,-0.7791843634048452,AAPL,"[np.float64(-0.0002358258829833204), np.float64(-0.0003341096500326657), np.float64(-0.00041269935438226213), np.float64(-0.0002358954207908326), np.float64(-0.00035384313323749694)]","[np.float64(-0.00023582588298332055), np.float64(-0.00046265734830397794), np.float64(-0.000648790965653153), np.float64(0.00020857306880607958), np.float64(0.00019087131152146846)]"
133,2024-12-30 11:44:00+00:00,2024-12-30 12:14:00+00:00,2024-12-30 12:14:00+00:00,2024-12-30 12:19:00+00:00,-0.7496191163417023,AAPL,"[np.float64(-0.0003341096500326657), np.float64(-0.00041269935438226213), np.float64(-0.0002358954207908326), np.float64(-0.00035384313323749694), np.float64(-0.00027523296678300113)]","[np.float64(-0.00033410965003266547), np.float64(-0.0006050177449514917), np.float64(0.0002028109998862487), np.float64(0.0001686402302487026), np.float64(-0.0004853552540089284)]"
134,2024-12-30 11:45:00+00:00,2024-12-30 12:15:00+00:00,2024-12-30 12:15:00+00:00,2024-12-30 12:20:00+00:00,-0.8905750650540263,AAPL,"[np.float64(-0.00041269935438226213), np.float64(-0.0002358954207908326), np.float64(-0.00035384313323749694), np.float64(-0.00027523296678300113), np.float64(-0.0006095343150072097)]","[np.float64(-0.00041269935438226213), np.float64(0.00030991784938738085), np.float64(0.00028665546780655795), np.float64(-0.00047194263135360887), np.float64(-0.00021348569731912526)]"
135,2024-12-30 11:46:00+00:00,2024-12-30 12:16:00+00:00,2024-12-30 12:16:00+00:00,2024-12-30 12:21:00+00:00,-0.7729498125601935,AAPL,"[np.float64(-0.0002358954207908326), np.float64(-0.00035384313323749694), np.float64(-0.00027523296678300113), np.float64(-0.0006095343150072097), np.float64(-0.00045227070155196003)]","[np.float64(0.00014071516821875183), np.float64(0.0002516904362073599), np.float64(-0.0004784901346415627), np.float64(-0.0001121848873380765), np.float64(-0.0002878199554902218)]"
136,2024-12-30 11:47:00+00:00,2024-12-30 12:17:00+00:00,2024-12-30 12:17:00+00:00,2024-12-30 12:22:00+00:00,-2.8641722314562097,AAPL,"[np.float64(-0.0002358954207908326), np.float64(-0.00035384313323749694), np.float64(-0.00027523296678300113), np.float64(-0.0006095343150072097), np.float64(-0.00045227070155196003), np.float64(-0.0003539475014830984)]","[np.float64(-0.00023589542079083232), np.float64(0.0003648806783492282), np.float64(-0.000685300828811333), np.float64(0.0001899503331751231), np.float64(-0.0002582141721393324), np.float64(0.00025617375981233035)]"
137,2024-12-30 11:48:00+00:00,2024-12-30 12:18:00+00:00,2024-12-30 12:18:00+00:00,2024-12-30 12:23:00+00:00,-3.679634501990223,AAPL,"[np.float64(-0.00035384313323749694), np.float64(-0.00027523296678300113), np.float64(-0.0006095343150072097), np.float64(-0.00045227070155196003), np.float64(-0.0003539475014830984)]","[np.float64(-0.0003538431332374948), np.float64(-0.0004394921956466111), np.float64(0.00048148038888312357), np.float64(-0.0001955278593700953), np.float64(0.00045304183613668447)]"
138,2024-12-30 11:49:00+00:00,2024-12-30 12:19:00+00:00,2024-12-30 12:19:00+00:00,2024-12-30 12:24:00+00:00,-4.634761904246839,AAPL,"[np.float64(-0.00027523296678300113), np.float64(-0.0006095343150072097), np.float64(-0.00045227070155196003), np.float64(-0.0003539475014830984), np.float64(-0.0003933214076541347)]","[np.float64(-0.0002752329667830009), np.float64(0.0005230142627768754), np.float64(-0.00014279121937626877), np.float64(0.0004844267587119803), np.float64(-0.0003262052680707101)]"
139,2024-12-30 11:50:00+00:00,2024-12-30 12:20:00+00:00,2024-12-30 12:20:00+00:00,2024-12-30 12:25:00+00:00,0.12252331402255634,AAPL,"[np.float64(-0.0006095343150072097), np.float64(-0.00045227070155196003), np.float64(-0.0003539475014830984), np.float64(-0.0003933214076541347)]","[np.float64(-0.0006095343150072103), np.float64(-0.000426718602894643), np.float64(-0.0007400834367877144), np.float64(-9.600587043778492e-05)]"
140,2024-12-30 11:51:00+00:00,2024-12-30 12:21:00+00:00,2024-12-30 12:21:00+00:00,2024-12-30 12:26:00+00:00,-0.833474163904101,AAPL,"[np.float64(-0.00045227070155196003), np.float64(-0.0003539475014830984), np.float64(-0.0003933214076541347)]","[np.float64(-0.00045227070155195905), np.float64(-0.0006149204047998643), np.float64(-7.407131461577521e-05)]"
141,2024-12-30 11:52:00+00:00,2024-12-30 12:22:00+00:00,2024-12-30 12:22:00+00:00,2024-12-30 12:27:00+00:00,-1.8217424140467942,AAPL,"[np.float64(-0.0003539475014830984), np.float64(-0.0003933214076541347), np.float64(-0.0005114787749462835)]","[np.float64(-0.00035394750148310034), np.float64(-3.504950492759463e-06), np.float64(-9.402363315792983e-05)]"
142,2024-12-30 11:53:00+00:00,2024-12-30 12:23:00+00:00,2024-12-30 12:23:00+00:00,2024-12-30 12:28:00+00:00,-2.111837891495756,AAPL,"[np.float64(-0.0003933214076541347), np.float64(-0.0005114787749462835), np.float64(-0.000511488837088514)]","[np.float64(-0.00028398192336511006), np.float64(-3.228897067534864e-05), np.float64(-2.2805780237685695e-05)]"
143,2024-12-30 11:54:00+00:00,2024-12-30 12:24:00+00:00,2024-12-30 12:24:00+00:00,2024-12-30 12:29:00+00:00,-0.4113221477051523,AAPL,"[np.float64(-0.0003933214076541347), np.float64(-0.0005114787749462835), np.float64(-0.000511488837088514), np.float64(-0.0006690016384265363)]","[np.float64(-0.00039332140765413324), np.float64(-8.845575189879478e-05), np.float64(-0.00013586266696764257), np.float64(-0.00031101183319816)]"
144,2024-12-30 11:55:00+00:00,2024-12-30 12:25:00+00:00,2024-12-30 12:25:00+00:00,2024-12-30 12:30:00+00:00,-0.1238311640242864,AAPL,"[np.float64(-0.0005114787749462835), np.float64(-0.000511488837088514), np.float64(-0.0006690016384265363), np.float64(-0.000905084273968626)]","[np.float64(-0.00010691123185547035), np.float64(-0.00013333582399881286), np.float64(-0.00032179791647696926), np.float64(-0.0002810357605410025)]"
145,2024-12-30 11:56:00+00:00,2024-12-30 12:26:00+00:00,2024-12-30 12:26:00+00:00,2024-12-30 12:31:00+00:00,0.39311694636261396,AAPL,"[np.float64(-0.0005114787749462835), np.float64(-0.000511488837088514), np.float64(-0.0006690016384265363), np.float64(-0.000905084273968626), np.float64(-0.0011218596490394361)]","[np.float64(-0.0002122410212254564), np.float64(-9.72318556474808e-05), np.float64(-0.0003908669084350086), np.float64(-0.00028257779612142356), np.float64(-0.0006951045741355442)]"
146,2024-12-30 11:57:00+00:00,2024-12-30 12:27:00+00:00,2024-12-30 12:27:00+00:00,2024-12-30 12:32:00+00:00,0.34662176754982443,AAPL,"[np.float64(-0.0005114787749462835), np.float64(-0.000511488837088514), np.float64(-0.0006690016384265363), np.float64(-0.000905084273968626), np.float64(-0.0011218596490394361), np.float64(-0.0010631387215989108)]","[np.float64(-0.0005114787749462843), np.float64(-5.603830725618394e-05), np.float64(-0.00048759496745090085), np.float64(-0.0003264448837198528), np.float64(-0.0007072421280092014), np.float64(-0.00027982826968942)]"
147,2024-12-30 11:58:00+00:00,2024-12-30 12:28:00+00:00,2024-12-30 12:28:00+00:00,2024-12-30 12:33:00+00:00,0.7798645695423669,AAPL,"[np.float64(-0.000511488837088514), np.float64(-0.0006690016384265363), np.float64(-0.000905084273968626), np.float64(-0.0011218596490394361), np.float64(-0.0010631387215989108), np.float64(-0.0011813583054998134)]","[np.float64(-0.0005114888370885156), np.float64(-0.0005630796859456316), np.float64(-0.00040883713722714875), np.float64(-0.0008856302261690322), np.float64(-0.0005310005760962752), np.float64(-0.0011475570445660074)]"
148,2024-12-30 11:59:00+00:00,2024-12-30 12:29:00+00:00,2024-12-30 12:29:00+00:00,2024-12-30 12:34:00+00:00,0.5955527523012831,AAPL,"[np.float64(-0.0006690016384265363), np.float64(-0.000905084273968626), np.float64(-0.0011218596490394361), np.float64(-0.0010631387215989108), np.float64(-0.0011813583054998134), np.float64(-0.0013393474653868864)]","[np.float64(-0.000669001638426535), np.float64(-0.00023117482499226686), np.float64(-0.000774415533520958), np.float64(-0.0004850992328414466), np.float64(-0.001054439356838343), np.float64(-0.0005997430048611512)]"
149,2024-12-30 12:00:00+00:00,2024-12-30 12:30:00+00:00,2024-12-30 12:30:00+00:00,2024-12-30 12:35:00+00:00,0.4094651882420205,AAPL,"[np.float64(-0.000905084273968626), np.float64(-0.0011218596490394361), np.float64(-0.0010631387215989108), np.float64(-0.0011813583054998134), np.float64(-0.0013393474653868864), np.float64(-0.0012606119576004104)]","[np.float64(-0.0009050842739686254), np.float64(-0.0010089440171380663), np.float64(-0.00037083878220843644), np.float64(-0.0010630018715623545), np.float64(-0.00089506933417264), np.float64(6.053864843756304e-05)]"
150,2024-12-30 12:01:00+00:00,2024-12-30 12:31:00+00:00,2024-12-30 12:31:00+00:00,2024-12-30 12:36:00+00:00,0.10890552404008313,AAPL,"[np.float64(-0.0011218596490394361), np.float64(-0.0010631387215989108), np.float64(-0.0011813583054998134), np.float64(-0.0013393474653868864), np.float64(-0.0012606119576004104), np.float64(-0.0017936517438226218)]","[np.float64(-0.001121859649039437), np.float64(-6.30324156266727e-05), np.float64(-0.0008667562007765245), np.float64(-0.000866201915779513), np.float64(0.00017006433471572973), np.float64(-0.0005807094637338443)]"
151,2024-12-30 12:02:00+00:00,2024-12-30 12:32:00+00:00,2024-12-30 12:32:00+00:00,2024-12-30 12:37:00+00:00,0.16544535612727496,AAPL,"[np.float64(-0.0010631387215989108), np.float64(-0.0011813583054998134), np.float64(-0.0013393474653868864), np.float64(-0.0012606119576004104), np.float64(-0.0017936517438226218)]","[np.float64(-0.0010631387215989088), np.float64(-0.0013015524827966365), np.float64(-0.0005010115373680265), np.float64(-5.934017335234288e-05), np.float64(-0.0005424906973313433)]"
152,2024-12-30 12:03:00+00:00,2024-12-30 12:33:00+00:00,2024-12-30 12:33:00+00:00,2024-12-30 12:38:00+00:00,-0.377121034594611,AAPL,"[np.float64(-0.0011813583054998134), np.float64(-0.0013393474653868864), np.float64(-0.0012606119576004104), np.float64(-0.0017936517438226218), np.float64(-0.00212996826409384)]","[np.float64(-0.0011813583054998127), np.float64(-0.00044421637538051713), np.float64(-6.441063197662762e-05), np.float64(-0.0004506812855091337), np.float64(8.4461573520422e-05)]"
153,2024-12-30 12:04:00+00:00,2024-12-30 12:34:00+00:00,2024-12-30 12:34:00+00:00,2024-12-30 12:39:00+00:00,-0.22738771222930731,AAPL,"[np.float64(-0.0013393474653868864), np.float64(-0.0012606119576004104), np.float64(-0.0017936517438226218), np.float64(-0.00212996826409384), np.float64(-0.0016372265495006033)]","[np.float64(-0.0013393474653868892), np.float64(-0.0001532511948728302), np.float64(-0.0002964319207861643), np.float64(-7.934687826337127e-05), np.float64(-0.0009604895477517449)]"
154,2024-12-30 12:05:00+00:00,2024-12-30 12:35:00+00:00,2024-12-30 12:35:00+00:00,2024-12-30 12:40:00+00:00,0.1634886561702078,AAPL,"[np.float64(-0.0012606119576004104), np.float64(-0.0017936517438226218), np.float64(-0.00212996826409384), np.float64(-0.0016372265495006033), np.float64(-0.0013214079846397553)]","[np.float64(-0.0012606119576004126), np.float64(-0.0005149220105497367), np.float64(-0.0006754201277044602), np.float64(-0.0017608940875852978), np.float64(-0.00253480119153242)]"
155,2024-12-30 12:06:00+00:00,2024-12-30 12:36:00+00:00,2024-12-30 12:36:00+00:00,2024-12-30 12:41:00+00:00,-0.6038718072240195,AAPL,"[np.float64(-0.0017936517438226218), np.float64(-0.00212996826409384), np.float64(-0.0016372265495006033), np.float64(-0.0013214079846397553), np.float64(-0.0004735876324284405)]","[np.float64(-0.0017936517438226214), np.float64(9.20363516073334e-05), np.float64(-0.0028345045502039114), np.float64(-0.0026227953889240247), np.float64(-0.0007673461949925266)]"
156,2024-12-30 12:07:00+00:00,2024-12-30 12:37:00+00:00,2024-12-30 12:37:00+00:00,2024-12-30 12:42:00+00:00,-1.0102120550938478,AAPL,"[np.float64(-0.00212996826409384), np.float64(-0.0016372265495006033), np.float64(-0.0013214079846397553), np.float64(-0.0004735876324284405), np.float64(-0.00029598934654462283)]","[np.float64(-0.00046603789121814164), np.float64(-0.002985773960887268), np.float64(-0.002635840340373139), np.float64(-0.0012231523167086308), np.float64(-0.001101851283563556)]"
157,2024-12-30 12:08:00+00:00,2024-12-30 12:38:00+00:00,2024-12-30 12:38:00+00:00,2024-12-30 12:43:00+00:00,-1.2702151715746313,AAPL,"[np.float64(-0.00212996826409384), np.float64(-0.0016372265495006033), np.float64(-0.0013214079846397553), np.float64(-0.0004735876324284405), np.float64(-0.00029598934654462283), np.float64(0.0)]","[np.float64(-0.0021299682640938374), np.float64(-0.003222816648133931), np.float64(-0.0021759722153811166), np.float64(-0.00279133909177841), np.float64(-6.49254850248513e-05), np.float64(-0.0003730196142629598)]"
158,2024-12-30 12:09:00+00:00,2024-12-30 12:39:00+00:00,2024-12-30 12:39:00+00:00,2024-12-30 12:44:00+00:00,-4.093552204980807,AAPL,"[np.float64(-0.0016372265495006033), np.float64(-0.0013214079846397553), np.float64(-0.0004735876324284405), np.float64(-0.00029598934654462283), np.float64(0.0), np.float64(-0.0008492569512554837)]","[np.float64(-0.0016372265495006024), np.float64(-0.001918504005435473), np.float64(-0.00248180050724379), np.float64(0.0009493799333468081), np.float64(-0.0009612576484115426), np.float64(-0.0026289902693415064)]"
159,2024-12-30 12:10:00+00:00,2024-12-30 12:40:00+00:00,2024-12-30 12:40:00+00:00,2024-12-30 12:45:00+00:00,-4.8713778028888175,AAPL,"[np.float64(-0.0013214079846397553), np.float64(-0.0004735876324284405), np.float64(-0.00029598934654462283), np.float64(0.0), np.float64(-0.0008492569512554837), np.float64(-0.0015800911839729537)]","[np.float64(-0.0013214079846397562), np.float64(-0.002316469203473809), np.float64(0.0011070484266431503), np.float64(-0.0010356968497561086), np.float64(-0.0026596092521075066), np.float64(-0.0027429414806615406)]"
160,2024-12-30 12:11:00+00:00,2024-12-30 12:41:00+00:00,2024-12-30 12:41:00+00:00,2024-12-30 12:46:00+00:00,-4.563862408042136,AAPL,"[np.float64(-0.0004735876324284405), np.float64(-0.00029598934654462283), np.float64(0.0), np.float64(-0.0008492569512554837), np.float64(-0.0015800911839729537), np.float64(-0.0014418758732190895)]","[np.float64(-0.00047358763242844184), np.float64(0.0007517252514055155), np.float64(0.0006146061459275994), np.float64(-0.003948079019831374), np.float64(-0.0012694424947431425), np.float64(-0.0011779659350595014)]"
161,2024-12-30 12:12:00+00:00,2024-12-30 12:42:00+00:00,2024-12-30 12:42:00+00:00,2024-12-30 12:47:00+00:00,-7.918284739605401,AAPL,"[np.float64(-0.00029598934654462283), np.float64(0.0), np.float64(-0.0008492569512554837), np.float64(-0.0015800911839729537), np.float64(-0.0014418758732190895), np.float64(-0.001342918283818051)]","[np.float64(-0.0002959893465446223), np.float64(0.000844648955798202), np.float64(-0.005109174241664032), np.float64(-0.0007809009026317177), np.float64(-0.0017615653273525946), np.float64(-0.0007778661483975141)]"
162,2024-12-30 12:13:00+00:00,2024-12-30 12:43:00+00:00,2024-12-30 12:43:00+00:00,2024-12-30 12:48:00+00:00,-4.000693548999981,AAPL,"[np.float64(0.0), np.float64(-0.0008492569512554837), np.float64(-0.0015800911839729537), np.float64(-0.0014418758732190895), np.float64(-0.001342918283818051), np.float64(-0.0004936955183856284)]","[np.float64(-1.0842021724855044e-19), np.float64(-0.0038286108155084052), np.float64(-0.001825483315160267), np.float64(-0.0008678812242261524), np.float64(-0.001157775193699991), np.float64(0.0006556675075850614)]"
163,2024-12-30 12:14:00+00:00,2024-12-30 12:44:00+00:00,2024-12-30 12:44:00+00:00,2024-12-30 12:49:00+00:00,-6.695264569253283,AAPL,"[np.float64(-0.0008492569512554837), np.float64(-0.0015800911839729537), np.float64(-0.0014418758732190895), np.float64(-0.001342918283818051), np.float64(-0.0004936955183856284), np.float64(-5.9277408408497934e-05)]","[np.float64(-0.0008492569512554835), np.float64(-0.003713551149563404), np.float64(0.0011509845904018067), np.float64(-0.0028260673404017543), np.float64(0.0008462800159141925), np.float64(-2.0175341713515762e-05)]"
164,2024-12-30 12:15:00+00:00,2024-12-30 12:45:00+00:00,2024-12-30 12:45:00+00:00,2024-12-30 12:50:00+00:00,-2.4733227145821424,AAPL,"[np.float64(-0.0015800911839729537), np.float64(-0.0014418758732190895), np.float64(-0.001342918283818051), np.float64(-0.0004936955183856284), np.float64(-5.9277408408497934e-05), np.float64(0.00037549778601064787)]","[np.float64(-0.0015800911839729532), np.float64(0.0005335993519810846), np.float64(-0.0027446149220864456), np.float64(0.001862079273270925), np.float64(-0.0005821567061416293), np.float64(0.00037493764724037305)]"
165,2024-12-30 12:16:00+00:00,2024-12-30 12:46:00+00:00,2024-12-30 12:46:00+00:00,2024-12-30 12:51:00+00:00,-2.5597807516052664,AAPL,"[np.float64(-0.0014418758732190895), np.float64(-0.001342918283818051), np.float64(-0.0004936955183856284), np.float64(-5.9277408408497934e-05), np.float64(0.00037549778601064787), np.float64(0.0005335388572484945)]","[np.float64(-0.0014418758732190895), np.float64(-0.0018346668870649141), np.float64(0.00025066119505739244), np.float64(0.0005804479132981589), np.float64(0.0013163139336734083), np.float64(-0.0033852040182622456)]"
166,2024-12-30 12:17:00+00:00,2024-12-30 12:47:00+00:00,2024-12-30 12:47:00+00:00,2024-12-30 12:52:00+00:00,-3.2395643982946156,AAPL,"[np.float64(-0.001342918283818051), np.float64(-0.0004936955183856284), np.float64(-5.9277408408497934e-05), np.float64(0.00037549778601064787), np.float64(0.0005335388572484945), np.float64(-0.00017787440137784216)]","[np.float64(-0.0013429182838180492), np.float64(0.00010336871634670944), np.float64(0.0006453059814159107), np.float64(0.0016357697409913052), np.float64(-0.0034097464898949588), np.float64(0.0018464442233920362)]"
167,2024-12-30 12:18:00+00:00,2024-12-30 12:48:00+00:00,2024-12-30 12:48:00+00:00,2024-12-30 12:53:00+00:00,-1.6049622215580097,AAPL,"[np.float64(-0.0004936955183856284), np.float64(-5.9277408408497934e-05), np.float64(0.00037549778601064787), np.float64(0.0005335388572484945), np.float64(-0.00017787440137784216), np.float64(-0.0007706520294856745)]","[np.float64(-0.000493695518385628), np.float64(0.00042931542383343405), np.float64(6.48738234893646e-05), np.float64(-0.0024715084610830466), np.float64(-0.00030621186194122046), np.float64(-0.0027554388648269507)]"
168,2024-12-30 12:19:00+00:00,2024-12-30 12:49:00+00:00,2024-12-30 12:49:00+00:00,2024-12-30 12:54:00+00:00,-3.2954698485506277,AAPL,"[np.float64(-5.9277408408497934e-05), np.float64(0.00037549778601064787), np.float64(0.0005335388572484945), np.float64(-0.00017787440137784216), np.float64(-0.0007706520294856745), np.float64(-0.00029643976067106337)]","[np.float64(-5.927740840849598e-05), np.float64(-0.0010137690052266434), np.float64(-0.003292687341404219), np.float64(-0.0003215834781521974), np.float64(-0.0024847892435356364), np.float64(0.0013856994482898386)]"
169,2024-12-30 12:20:00+00:00,2024-12-30 12:50:00+00:00,2024-12-30 12:50:00+00:00,2024-12-30 12:55:00+00:00,-4.246199805034964,AAPL,"[np.float64(0.00037549778601064787), np.float64(0.0005335388572484945), np.float64(-0.00017787440137784216), np.float64(-0.0007706520294856745), np.float64(-0.00029643976067106337), np.float64(-0.0005929557038184541)]","[np.float64(0.000375497786010647), np.float64(-0.0038234284019679054), np.float64(0.00012035807195483498), np.float64(-0.0018082443022331177), np.float64(0.0007341632430602559), np.float64(-0.0019464991009528817)]"
170,2024-12-30 12:21:00+00:00,2024-12-30 12:51:00+00:00,2024-12-30 12:51:00+00:00,2024-12-30 12:56:00+00:00,-1.872232459066562,AAPL,"[np.float64(0.0005335388572484945), np.float64(-0.00017787440137784216), np.float64(-0.0007706520294856745), np.float64(-0.00029643976067106337), np.float64(-0.0005929557038184541), np.float64(-0.00029637533188697773)]","[np.float64(0.0005335388572484953), np.float64(-0.0014011149388965549), np.float64(-0.000922268316605392), np.float64(0.000432740531525033), np.float64(-0.0023939057721628727), np.float64(-0.0020215119248500097)]"
171,2024-12-30 12:22:00+00:00,2024-12-30 12:52:00+00:00,2024-12-30 12:52:00+00:00,2024-12-30 12:57:00+00:00,-1.3188595245030141,AAPL,"[np.float64(-0.00017787440137784216), np.float64(-0.0007706520294856745), np.float64(-0.00029643976067106337), np.float64(-0.0005929557038184541), np.float64(-0.00029637533188697773), np.float64(0.0004940174587435564)]","[np.float64(-0.00017787440137784064), np.float64(-0.0007149816066994414), np.float64(-0.000544519729105129), np.float64(-0.0023010389831993857), np.float64(-0.0018456790213609367), np.float64(-0.00045184977307244985)]"
172,2024-12-30 12:23:00+00:00,2024-12-30 12:53:00+00:00,2024-12-30 12:53:00+00:00,2024-12-30 12:58:00+00:00,-0.8455643459260189,AAPL,"[np.float64(-0.0007706520294856745), np.float64(-0.00029643976067106337), np.float64(-0.0005929557038184541), np.float64(-0.00029637533188697773), np.float64(0.0004940174587435564), np.float64(0.0006126179728180858)]","[np.float64(-0.0007706520294856728), np.float64(-0.0005329662579683951), np.float64(-0.0022963253272207914), np.float64(-0.0018624808573634395), np.float64(-0.0005020779681421794), np.float64(-0.0007430883471476443)]"
173,2024-12-30 12:24:00+00:00,2024-12-30 12:54:00+00:00,2024-12-30 12:54:00+00:00,2024-12-30 12:59:00+00:00,-1.5468597912546187,AAPL,"[np.float64(-0.00029643976067106337), np.float64(-0.0005929557038184541), np.float64(-0.00029637533188697773), np.float64(0.0004940174587435564), np.float64(0.0006126179728180858), np.float64(0.0004940174587435564)]","[np.float64(-0.000296439760671061), np.float64(-0.0023462656672187682), np.float64(-0.0017679002621046182), np.float64(-0.0004458124358268723), np.float64(-0.0007883163475869046), np.float64(-0.002193850410929096)]"
174,2024-12-30 12:25:00+00:00,2024-12-30 12:55:00+00:00,2024-12-30 12:55:00+00:00,2024-12-30 13:00:00+00:00,-1.5088407086021838,AAPL,"[np.float64(-0.0005929557038184541), np.float64(-0.00029637533188697773), np.float64(0.0004940174587435564), np.float64(0.0006126179728180858), np.float64(0.0004940174587435564), np.float64(0.0005534362602466203)]","[np.float64(-0.0005929557038184531), np.float64(-0.0035011196271208973), np.float64(-0.0015050946484606149), np.float64(0.00024317710250531025), np.float64(-0.0017056336567354536), np.float64(0.0008117913472587936)]"
175,2024-12-30 12:26:00+00:00,2024-12-30 12:56:00+00:00,2024-12-30 12:56:00+00:00,2024-12-30 13:01:00+00:00,-0.04021303692278133,AAPL,"[np.float64(-0.00029637533188697773), np.float64(0.0004940174587435564), np.float64(0.0006126179728180858), np.float64(0.0004940174587435564), np.float64(0.0005534362602466203), np.float64(0.00015807777459375671)]","[np.float64(-0.0002963753318869799), np.float64(-0.0016260735802399468), np.float64(-0.0003319752523775479), np.float64(-6.029917042752017e-05), np.float64(-0.0002466490231134207), np.float64(0.0016919428257952838)]"
176,2024-12-30 12:27:00+00:00,2024-12-30 12:57:00+00:00,2024-12-30 12:57:00+00:00,2024-12-30 13:02:00+00:00,-1.2570381892342382,AAPL,"[np.float64(0.0004940174587435564), np.float64(0.0006126179728180858), np.float64(0.0004940174587435564), np.float64(0.0005534362602466203), np.float64(0.00015807777459375671)]","[np.float64(0.0004940174587435551), np.float64(-0.000983893241362007), np.float64(-0.0018857834697440538), np.float64(0.0013422086887930006), np.float64(0.0030274436957103785)]"
177,2024-12-30 12:28:00+00:00,2024-12-30 12:58:00+00:00,2024-12-30 12:58:00+00:00,2024-12-30 13:03:00+00:00,-1.1588560145162936,AAPL,"[np.float64(0.0006126179728180858), np.float64(0.0004940174587435564), np.float64(0.0005534362602466203), np.float64(0.00015807777459375671)]","[np.float64(0.0006126179728180863), np.float64(-0.0026284308841005768), np.float64(0.001550018314022599), np.float64(0.0013543553357384685)]"
178,2024-12-30 12:29:00+00:00,2024-12-30 12:59:00+00:00,2024-12-30 12:59:00+00:00,2024-12-30 13:04:00+00:00,-2.750996831589646,AAPL,"[np.float64(0.0004940174587435564), np.float64(0.0005534362602466203), np.float64(0.00015807777459375671)]","[np.float64(0.0004940174587435564), np.float64(0.0036350320667584224), np.float64(-0.0018827042245845036)]"
179,2024-12-30 12:30:00+00:00,2024-12-30 13:00:00+00:00,2024-12-30 13:00:00+00:00,2024-12-30 13:05:00+00:00,0.7608253726455066,AAPL,"[np.float64(0.0005534362602466203), np.float64(0.00015807777459375671)]","[np.float64(0.0005534362602466136), np.float64(-0.0005477082654326076)]"
180,2024-12-30 12:31:00+00:00,2024-12-30 13:01:00+00:00,2024-12-30 13:01:00+00:00,2024-12-30 13:06:00+00:00,1.0,AAPL,[np.float64(0.00015807777459375671)],[np.float64(0.00015807777459375671)]
181,2024-12-30 12:33:00+00:00,2024-12-30 13:03:00+00:00,2024-12-30 13:03:00+00:00,2024-12-30 13:08:00+00:00,-972.3534492701781,AAPL,[np.float64(-0.0006325235924746764)],[np.float64(0.0011472485951489202)]
182,2024-12-30 12:34:00+00:00,2024-12-30 13:04:00+00:00,2024-12-30 13:04:00+00:00,2024-12-30 13:09:00+00:00,-83.45554054301084,AAPL,"[np.float64(-0.0006325235924746764), np.float64(-0.00025703637206220264)]","[np.float64(0.0011745491898603423), np.float64(0.0019034675533175886)]"
183,2024-12-30 12:35:00+00:00,2024-12-30 13:05:00+00:00,2024-12-30 13:05:00+00:00,2024-12-30 13:10:00+00:00,-95.2104430580307,AAPL,"[np.float64(-0.0006325235924746764), np.float64(-0.00025703637206220264)]","[np.float64(0.0010577928018947397), np.float64(0.002000470262753401)]"
184,2024-12-30 12:36:00+00:00,2024-12-30 13:06:00+00:00,2024-12-30 13:06:00+00:00,2024-12-30 13:11:00+00:00,-51.71794963509363,AAPL,"[np.float64(-0.0006325235924746764), np.float64(-0.00025703637206220264)]","[np.float64(-7.007276355746022e-05), np.float64(0.001652949604700586)]"
185,2024-12-30 12:37:00+00:00,2024-12-30 13:07:00+00:00,2024-12-30 13:07:00+00:00,2024-12-30 13:12:00+00:00,-2.104604321115929,AAPL,"[np.float64(-0.0006325235924746764), np.float64(-0.00025703637206220264), np.float64(0.0007905919969060093)]","[np.float64(0.000156992945697197), np.float64(0.001348745649063845), np.float64(-0.0005177613306996006)]"
186,2024-12-30 12:38:00+00:00,2024-12-30 13:08:00+00:00,2024-12-30 13:08:00+00:00,2024-12-30 13:13:00+00:00,-0.8840141263623431,AAPL,"[np.float64(-0.0006325235924746764), np.float64(-0.00025703637206220264), np.float64(0.0007905919969060093)]","[np.float64(-0.0006325235924746744), np.float64(0.0008755267261543023), np.float64(-0.0005265976293621023)]"
187,2024-12-30 12:39:00+00:00,2024-12-30 13:09:00+00:00,2024-12-30 13:09:00+00:00,2024-12-30 13:14:00+00:00,0.729725254252596,AAPL,"[np.float64(-0.00025703637206220264), np.float64(0.0007905919969060093)]","[np.float64(-0.0002570363720622022), np.float64(0.000183282248986408)]"
188,2024-12-30 12:40:00+00:00,2024-12-30 13:10:00+00:00,2024-12-30 13:10:00+00:00,2024-12-30 13:15:00+00:00,0.8919640696616857,AAPL,[np.float64(0.0007905919969060093)],[np.float64(0.0004258170998988945)]
189,2024-12-30 12:41:00+00:00,2024-12-30 13:11:00+00:00,2024-12-30 13:11:00+00:00,2024-12-30 13:16:00+00:00,-0.06198663922789338,AAPL,[np.float64(0.0007905919969060093)],[np.float64(-0.00030817248249137536)]
190,2024-12-30 12:42:00+00:00,2024-12-30 13:12:00+00:00,2024-12-30 13:12:00+00:00,2024-12-30 13:17:00+00:00,1.0,AAPL,[np.float64(0.0007905919969060093)],[np.float64(0.0007905919969060101)]
